Packet Number,Device Name,Device Type
1,Ledvance Bulb,Bulb
2,Philips Lamp 2,Bulb
3,Ledvance Z3 Plug,Socket
4,Philips Lamp 1,Bulb
5,Unknown,Unknown
6,Philips Lamp 1,Bulb
7,Unknown,Unknown
8,Philips Lamp 3,Motion
9,Unknown,Unknown
10,Power Plug 1,Socket
11,Philips Lamp 3,Motion
12,Unknown,Unknown
13,Smart Socket,Socket
14,Unknown,Unknown
15,Philips Lamp 2,Bulb
16,Unknown,Unknown
17,Philips Lamp 2,Bulb
18,Unknown,Unknown
19,Power Plug 2,Socket
20,Philips Lamp 1,Bulb
21,Ledvance Smart+ Plug,Socket
22,Philips Lamp 3,Motion
23,Unknown,Unknown
24,Smart Socket,Socket
25,Unknown,Unknown
26,Coordinator,Coordinator
27,Unknown,Unknown
28,Smart Socket,Socket
29,Unknown,Unknown
30,Smart Socket,Socket
31,Unknown,Unknown
32,Coordinator,Coordinator
33,Unknown,Unknown
34,Smart Socket,Socket
35,Unknown,Unknown
36,Philips Lamp 1,Bulb
37,Philips Lamp 1,Bulb
38,Unknown,Unknown
39,Philips Lamp 1,Bulb
40,Unknown,Unknown
41,Ledvance Bulb,Bulb
42,Unknown,Unknown
43,Ledvance Bulb,Bulb
44,Unknown,Unknown
45,Coordinator,Coordinator
46,Unknown,Unknown
47,Coordinator,Coordinator
48,Unknown,Unknown
49,Ledvance Bulb,Bulb
50,Unknown,Unknown
51,Ledvance Bulb,Bulb
52,Unknown,Unknown
53,Ledvance Bulb,Bulb
54,Coordinator,Coordinator
55,Unknown,Unknown
56,Philips Lamp 3,Motion
57,Unknown,Unknown
58,Ledvance Z3 Plug,Socket
59,Coordinator,Coordinator
60,Unknown,Unknown
61,Unknown,Unknown
62,Unknown,Unknown
63,Coordinator,Coordinator
64,Coordinator,Coordinator
65,Coordinator,Coordinator
66,Coordinator,Coordinator
67,Philips Lamp 2,Bulb
68,Unknown,Unknown
69,Coordinator,Coordinator
70,Coordinator,Coordinator
71,Coordinator,Coordinator
72,Coordinator,Coordinator
73,Coordinator,Coordinator
74,Coordinator,Coordinator
75,Unknown,Unknown
76,Coordinator,Coordinator
77,Unknown,Unknown
78,Philips Lamp 1,Bulb
79,Unknown,Unknown
80,Coordinator,Coordinator
81,Ledvance Bulb,Bulb
82,Unknown,Unknown
83,Coordinator,Coordinator
84,Coordinator,Coordinator
85,Ledvance Bulb,Bulb
86,Unknown,Unknown
87,Coordinator,Coordinator
88,Ledvance Bulb,Bulb
89,Unknown,Unknown
90,Coordinator,Coordinator
91,Coordinator,Coordinator
92,Coordinator,Coordinator
93,Coordinator,Coordinator
94,Philips Lamp 1,Bulb
95,Unknown,Unknown
96,Ledvance Bulb,Bulb
97,Unknown,Unknown
98,Ledvance Bulb,Bulb
99,Unknown,Unknown
100,Ledvance Bulb,Bulb
101,Unknown,Unknown
102,Coordinator,Coordinator
103,Coordinator,Coordinator
104,Coordinator,Coordinator
105,Coordinator,Coordinator
106,Coordinator,Coordinator
107,Unknown,Unknown
108,Coordinator,Coordinator
109,Coordinator,Coordinator
110,Coordinator,Coordinator
111,Coordinator,Coordinator
112,Coordinator,Coordinator
113,Unknown,Unknown
114,Coordinator,Coordinator
115,Unknown,Unknown
116,Coordinator,Coordinator
117,Unknown,Unknown
118,Coordinator,Coordinator
119,Unknown,Unknown
120,Ledvance Bulb,Bulb
121,Unknown,Unknown
122,Ledvance Bulb,Bulb
123,Unknown,Unknown
124,Ledvance Bulb,Bulb
125,Unknown,Unknown
126,Ledvance Bulb,Bulb
127,Unknown,Unknown
128,Coordinator,Coordinator
129,Coordinator,Coordinator
130,Coordinator,Coordinator
131,Coordinator,Coordinator
132,Coordinator,Coordinator
133,Coordinator,Coordinator
134,Coordinator,Coordinator
135,Coordinator,Coordinator
136,Coordinator,Coordinator
137,Ledvance Bulb,Bulb
138,Philips Lamp 1,Bulb
139,Ledvance Smart+ Plug,Socket
140,Coordinator,Coordinator
141,Coordinator,Coordinator
142,Philips Lamp 2,Bulb
143,Unknown,Unknown
144,Coordinator,Coordinator
145,Philips Lamp 2,Bulb
146,Unknown,Unknown
147,Coordinator,Coordinator
148,Philips Lamp 2,Bulb
149,Philips Lamp 2,Bulb
150,Unknown,Unknown
151,Ledvance Z3 Plug,Socket
152,Philips Lamp 2,Bulb
153,Unknown,Unknown
154,Coordinator,Coordinator
155,Coordinator,Coordinator
156,Coordinator,Coordinator
157,Coordinator,Coordinator
158,Power Plug 2,Socket
159,Coordinator,Coordinator
160,Coordinator,Coordinator
161,Coordinator,Coordinator
162,Coordinator,Coordinator
163,Ledvance Smart+ Plug,Socket
164,Philips Lamp 1,Bulb
165,Unknown,Unknown
166,Philips Lamp 1,Bulb
167,Unknown,Unknown
168,Power Plug 1,Socket
169,Philips Lamp 1,Bulb
170,Unknown,Unknown
171,Philips Lamp 1,Bulb
172,Unknown,Unknown
173,Philips Lamp 1,Bulb
174,Coordinator,Coordinator
175,Coordinator,Coordinator
176,Coordinator,Coordinator
177,Coordinator,Coordinator
178,Coordinator,Coordinator
179,Power Plug 2,Socket
180,Philips Lamp 2,Bulb
181,Coordinator,Coordinator
182,Coordinator,Coordinator
183,Coordinator,Coordinator
184,Coordinator,Coordinator
185,Ledvance Z3 Plug,Socket
186,Coordinator,Coordinator
187,Power Plug 1,Socket
188,Coordinator,Coordinator
189,Coordinator,Coordinator
190,Coordinator,Coordinator
191,Coordinator,Coordinator
192,Coordinator,Coordinator
193,Coordinator,Coordinator
194,Coordinator,Coordinator
195,Coordinator,Coordinator
196,Coordinator,Coordinator
197,Coordinator,Coordinator
198,Coordinator,Coordinator
199,Unknown,Unknown
200,Coordinator,Coordinator
201,Coordinator,Coordinator
202,Coordinator,Coordinator
203,Coordinator,Coordinator
204,Ledvance Bulb,Bulb
205,Unknown,Unknown
206,Power Plug 2,Socket
207,Coordinator,Coordinator
208,Ledvance Bulb,Bulb
209,Unknown,Unknown
210,Coordinator,Coordinator
211,Coordinator,Coordinator
212,Unknown,Unknown
213,Ledvance Bulb,Bulb
214,Ledvance Z3 Plug,Socket
215,Ledvance Bulb,Bulb
216,Unknown,Unknown
217,Philips Lamp 2,Bulb
218,Ledvance Bulb,Bulb
219,Unknown,Unknown
220,Power Plug 1,Socket
221,Coordinator,Coordinator
222,Philips Lamp 2,Bulb
223,Unknown,Unknown
224,Philips Lamp 2,Bulb
225,Unknown,Unknown
226,Philips Lamp 1,Bulb
227,Unknown,Unknown
228,Philips Lamp 1,Bulb
229,Unknown,Unknown
230,Philips Lamp 3,Motion
231,Unknown,Unknown
232,Smart Socket,Socket
233,Ledvance Bulb,Bulb
234,Unknown,Unknown
235,Ledvance Bulb,Bulb
236,Unknown,Unknown
237,Coordinator,Coordinator
238,Unknown,Unknown
239,Coordinator,Coordinator
240,Unknown,Unknown
241,Ledvance Bulb,Bulb
242,Unknown,Unknown
243,Ledvance Bulb,Bulb
244,Unknown,Unknown
245,Coordinator,Coordinator
246,Unknown,Unknown
247,Ledvance Z3 Plug,Socket
248,Unknown,Unknown
249,Ledvance Z3 Plug,Socket
250,Ledvance Z3 Plug,Socket
251,Unknown,Unknown
252,Coordinator,Coordinator
253,Unknown,Unknown
254,Coordinator,Coordinator
255,Ledvance Smart+ Plug,Socket
256,Coordinator,Coordinator
257,Unknown,Unknown
258,Ledvance Smart+ Plug,Socket
259,Unknown,Unknown
260,Coordinator,Coordinator
261,Unknown,Unknown
262,Ledvance Z3 Plug,Socket
263,Unknown,Unknown
264,Ledvance Smart+ Plug,Socket
265,Unknown,Unknown
266,Moes Bulb,Bulb
267,Moes Bulb,Bulb
268,Moes Bulb,Bulb
269,Ledvance Smart+ Plug,Socket
270,Ledvance Smart+ Plug,Socket
271,Ledvance Bulb,Bulb
272,Philips Lamp 1,Bulb
273,Power Plug 1,Socket
274,Coordinator,Coordinator
275,Unknown,Unknown
276,Coordinator,Coordinator
277,Philips Lamp 2,Bulb
278,Smart Socket,Socket
279,Unknown,Unknown
280,Coordinator,Coordinator
281,Power Plug 2,Socket
282,Coordinator,Coordinator
283,Coordinator,Coordinator
284,Coordinator,Coordinator
285,Ledvance Smart+ Plug,Socket
286,Unknown,Unknown
287,Coordinator,Coordinator
288,Unknown,Unknown
289,Smart Socket,Socket
290,Coordinator,Coordinator
291,Moes Bulb,Bulb
292,Moes Bulb,Bulb
293,Coordinator,Coordinator
294,Unknown,Unknown
295,Unknown,Unknown
296,Unknown,Unknown
297,Coordinator,Coordinator
298,Coordinator,Coordinator
299,Coordinator,Coordinator
300,Ledvance Bulb,Bulb
301,Coordinator,Coordinator
302,Moes Bulb,Bulb
303,Coordinator,Coordinator
304,Unknown,Unknown
305,Ledvance Z3 Plug,Socket
306,Ledvance Smart+ Plug,Socket
307,Unknown,Unknown
308,Coordinator,Coordinator
309,Unknown,Unknown
310,Moes Bulb,Bulb
311,Smart Socket,Socket
312,Unknown,Unknown
313,Philips Lamp 2,Bulb
314,Moes Bulb,Bulb
315,Moes Bulb,Bulb
316,Ledvance Smart+ Plug,Socket
317,Ledvance Smart+ Plug,Socket
318,Unknown,Unknown
319,Moes Bulb,Bulb
320,Ledvance Smart+ Plug,Socket
321,Unknown,Unknown
322,Unknown,Unknown
323,Moes Bulb,Bulb
324,Unknown,Unknown
325,Moes Bulb,Bulb
326,Unknown,Unknown
327,Moes Bulb,Bulb
328,Unknown,Unknown
329,Moes Bulb,Bulb
330,Power Plug 1,Socket
331,Moes Bulb,Bulb
332,Moes Bulb,Bulb
333,Unknown,Unknown
334,Smart Socket,Socket
335,Unknown,Unknown
336,Smart Socket,Socket
337,Moes Bulb,Bulb
338,Moes Bulb,Bulb
339,Moes Bulb,Bulb
340,Ledvance Smart+ Plug,Socket
341,Unknown,Unknown
342,Moes Bulb,Bulb
343,Moes Bulb,Bulb
344,Moes Bulb,Bulb
345,Coordinator,Coordinator
346,Unknown,Unknown
347,Ledvance Smart+ Plug,Socket
348,Unknown,Unknown
349,Smart Socket,Socket
350,Unknown,Unknown
351,Philips Motion,Bulb
352,Ledvance Bulb,Bulb
353,Philips Motion,Bulb
354,Coordinator,Coordinator
355,Unknown,Unknown
356,Smart Socket,Socket
357,Unknown,Unknown
358,Smart Socket,Socket
359,Power Plug 1,Socket
360,Coordinator,Coordinator
361,Unknown,Unknown
362,Smart Socket,Socket
363,Unknown,Unknown
364,Philips Lamp 2,Bulb
365,Ledvance Z3 Plug,Socket
366,Ledvance Bulb,Bulb
367,Ledvance Smart+ Plug,Socket
368,Power Plug 1,Socket
369,Power Plug 1,Socket
370,Philips Motion,Bulb
371,Ledvance Z3 Plug,Socket
372,Ledvance Bulb,Bulb
373,Smart Socket,Socket
374,Coordinator,Coordinator
375,Philips Motion,Bulb
376,Unknown,Unknown
377,Ledvance Smart+ Plug,Socket
378,Smart Socket,Socket
379,Unknown,Unknown
380,Coordinator,Coordinator
381,Unknown,Unknown
382,Smart Socket,Socket
383,Unknown,Unknown
384,Coordinator,Coordinator
385,Unknown,Unknown
386,Philips Motion,Bulb
387,Unknown,Unknown
388,Coordinator,Coordinator
389,Unknown,Unknown
390,Unknown,Unknown
391,Smart Socket,Socket
392,Unknown,Unknown
393,Smart Socket,Socket
394,Unknown,Unknown
395,Smart Socket,Socket
396,Unknown,Unknown
397,Philips Motion,Bulb
398,Unknown,Unknown
399,Smart Socket,Socket
400,Unknown,Unknown
401,Coordinator,Coordinator
402,Unknown,Unknown
403,Philips Lamp 1,Bulb
404,Smart Socket,Socket
405,Unknown,Unknown
406,Philips Motion,Bulb
407,Philips Motion,Bulb
408,Unknown,Unknown
409,Smart Socket,Socket
410,Unknown,Unknown
411,Coordinator,Coordinator
412,Unknown,Unknown
413,Smart Socket,Socket
414,Unknown,Unknown
415,Coordinator,Coordinator
416,Unknown,Unknown
417,Smart Socket,Socket
418,Unknown,Unknown
419,Philips Motion,Bulb
420,Unknown,Unknown
421,Smart Socket,Socket
422,Smart Socket,Socket
423,Unknown,Unknown
424,Power Plug 1,Socket
425,Unknown,Unknown
426,Moes Bulb,Bulb
427,Ledvance Bulb,Bulb
428,Ledvance Smart+ Plug,Socket
429,Power Plug 1,Socket
430,Philips Motion,Bulb
431,Ledvance Bulb,Bulb
432,Unknown,Unknown
433,Power Plug 2,Socket
434,Ledvance Z3 Plug,Socket
435,Philips Lamp 2,Bulb
436,Ledvance Z3 Plug,Socket
437,Coordinator,Coordinator
438,Unknown,Unknown
439,Smart Socket,Socket
440,Unknown,Unknown
441,Coordinator,Coordinator
442,Unknown,Unknown
443,Smart Socket,Socket
444,Unknown,Unknown
445,Moes Bulb,Bulb
446,Unknown,Unknown
447,Philips Lamp 2,Bulb
448,Ledvance Smart+ Plug,Socket
449,Unknown,Unknown
450,Philips Lamp 1,Bulb
451,Smart Socket,Socket
452,Coordinator,Coordinator
453,Unknown,Unknown
454,Power Plug 1,Socket
455,Smart Socket,Socket
456,Unknown,Unknown
457,Ledvance Bulb,Bulb
458,Moes Bulb,Bulb
459,Philips Motion,Bulb
460,Philips Motion,Bulb
461,Coordinator,Coordinator
462,Moes Bulb,Bulb
463,Power Plug 2,Socket
464,Philips Motion,Bulb
465,Philips Lamp 1,Bulb
466,Ledvance Bulb,Bulb
467,Ledvance Bulb,Bulb
468,Ledvance Z3 Plug,Socket
469,Philips Lamp 2,Bulb
470,Philips Lamp 1,Bulb
471,Coordinator,Coordinator
472,Unknown,Unknown
473,Smart Socket,Socket
474,Unknown,Unknown
475,Coordinator,Coordinator
476,Unknown,Unknown
477,Smart Socket,Socket
478,Unknown,Unknown
479,Philips Lamp 2,Bulb
480,Philips Motion,Bulb
481,Philips Motion,Bulb
482,Philips Motion,Bulb
483,Unknown,Unknown
484,Ledvance Smart+ Plug,Socket
485,Philips Lamp 2,Bulb
486,Philips Lamp 1,Bulb
487,Ledvance Z3 Plug,Socket
488,Coordinator,Coordinator
489,Unknown,Unknown
490,Power Plug 2,Socket
491,Ledvance Bulb,Bulb
492,Power Plug 1,Socket
493,Ledvance Smart+ Plug,Socket
494,Coordinator,Coordinator
495,Unknown,Unknown
496,Coordinator,Coordinator
497,Unknown,Unknown
498,Philips Lamp 1,Bulb
499,Unknown,Unknown
500,Ledvance Bulb,Bulb
501,Unknown,Unknown
502,Ledvance Bulb,Bulb
503,Unknown,Unknown
504,Coordinator,Coordinator
505,Unknown,Unknown
506,Ledvance Bulb,Bulb
507,Unknown,Unknown
508,Philips Lamp 2,Bulb
509,Unknown,Unknown
510,Philips Lamp 1,Bulb
511,Unknown,Unknown
512,Ledvance Bulb,Bulb
513,Unknown,Unknown
514,Ledvance Bulb,Bulb
515,Unknown,Unknown
516,Ledvance Bulb,Bulb
517,Unknown,Unknown
518,Unknown,Unknown
519,Coordinator,Coordinator
520,Unknown,Unknown
521,Coordinator,Coordinator
522,Unknown,Unknown
523,Coordinator,Coordinator
524,Unknown,Unknown
525,Coordinator,Coordinator
526,Unknown,Unknown
527,Coordinator,Coordinator
528,Unknown,Unknown
529,Ledvance Bulb,Bulb
530,Unknown,Unknown
531,Ledvance Bulb,Bulb
532,Unknown,Unknown
533,Ledvance Bulb,Bulb
534,Unknown,Unknown
535,Ledvance Bulb,Bulb
536,Unknown,Unknown
537,Philips Lamp 2,Bulb
538,Unknown,Unknown
539,Philips Lamp 2,Bulb
540,Unknown,Unknown
541,Philips Lamp 2,Bulb
542,Unknown,Unknown
543,Philips Lamp 2,Bulb
544,Unknown,Unknown
545,Coordinator,Coordinator
546,Philips Lamp 1,Bulb
547,Unknown,Unknown
548,Philips Lamp 1,Bulb
549,Unknown,Unknown
550,Philips Lamp 1,Bulb
551,Unknown,Unknown
552,Philips Lamp 1,Bulb
553,Unknown,Unknown
554,Philips Lamp 1,Bulb
555,Unknown,Unknown
556,Philips Motion,Bulb
557,Ledvance Bulb,Bulb
558,Unknown,Unknown
559,Coordinator,Coordinator
560,Unknown,Unknown
561,Smart Socket,Socket
562,Unknown,Unknown
563,Ledvance Bulb,Bulb
564,Unknown,Unknown
565,Coordinator,Coordinator
566,Unknown,Unknown
567,Philips Lamp 1,Bulb
568,Unknown,Unknown
569,Power Plug 1,Socket
570,Unknown,Unknown
571,Coordinator,Coordinator
572,Unknown,Unknown
573,Coordinator,Coordinator
574,Unknown,Unknown
575,Smart Socket,Socket
576,Unknown,Unknown
577,Coordinator,Coordinator
578,Unknown,Unknown
579,Coordinator,Coordinator
580,Philips Lamp 1,Bulb
581,Unknown,Unknown
582,Coordinator,Coordinator
583,Unknown,Unknown
584,Coordinator,Coordinator
585,Coordinator,Coordinator
586,Coordinator,Coordinator
587,Coordinator,Coordinator
588,Coordinator,Coordinator
589,Unknown,Unknown
590,Power Plug 1,Socket
591,Unknown,Unknown
592,Philips Lamp 1,Bulb
593,Coordinator,Coordinator
594,Unknown,Unknown
595,Philips Lamp 2,Bulb
596,Power Plug 2,Socket
597,Unknown,Unknown
598,Coordinator,Coordinator
599,Unknown,Unknown
600,Philips Lamp 2,Bulb
601,Power Plug 2,Socket
602,Coordinator,Coordinator
603,Unknown,Unknown
604,Unknown,Unknown
605,Unknown,Unknown
606,Coordinator,Coordinator
607,Unknown,Unknown
608,Unknown,Unknown
609,Ledvance Bulb,Bulb
610,Unknown,Unknown
611,Coordinator,Coordinator
612,Unknown,Unknown
613,Unknown,Unknown
614,Coordinator,Coordinator
615,Unknown,Unknown
616,Philips Lamp 1,Bulb
617,Ledvance Bulb,Bulb
618,Unknown,Unknown
619,Coordinator,Coordinator
620,Unknown,Unknown
621,Unknown,Unknown
622,Unknown,Unknown
623,Coordinator,Coordinator
624,Unknown,Unknown
625,Unknown,Unknown
626,Philips Lamp 1,Bulb
627,Unknown,Unknown
628,Philips Lamp 1,Bulb
629,Unknown,Unknown
630,Philips Lamp 3,Motion
631,Unknown,Unknown
632,Ledvance Z3 Plug,Socket
633,Coordinator,Coordinator
634,Philips Lamp 2,Bulb
635,Unknown,Unknown
636,Coordinator,Coordinator
637,Philips Lamp 2,Bulb
638,Coordinator,Coordinator
639,Unknown,Unknown
640,Smart Socket,Socket
641,Unknown,Unknown
642,Coordinator,Coordinator
643,Unknown,Unknown
644,Smart Socket,Socket
645,Unknown,Unknown
646,Coordinator,Coordinator
647,Unknown,Unknown
648,Unknown,Unknown
649,Unknown,Unknown
650,Smart Socket,Socket
651,Unknown,Unknown
652,Moes Bulb,Bulb
653,Unknown,Unknown
654,Coordinator,Coordinator
655,Unknown,Unknown
656,Coordinator,Coordinator
657,Unknown,Unknown
658,Philips Lamp 1,Bulb
659,Unknown,Unknown
660,Ledvance Bulb,Bulb
661,Unknown,Unknown
662,Ledvance Bulb,Bulb
663,Unknown,Unknown
664,Unknown,Unknown
665,Philips Lamp 1,Bulb
666,Unknown,Unknown
667,Ledvance Bulb,Bulb
668,Unknown,Unknown
669,Ledvance Bulb,Bulb
670,Unknown,Unknown
671,Coordinator,Coordinator
672,Unknown,Unknown
673,Ledvance Bulb,Bulb
674,Unknown,Unknown
675,Philips Motion,Bulb
676,Ledvance Smart+ Plug,Socket
677,Ledvance Bulb,Bulb
678,Unknown,Unknown
679,Unknown,Unknown
680,Smart Socket,Socket
681,Coordinator,Coordinator
682,Unknown,Unknown
683,Unknown,Unknown
684,Coordinator,Coordinator
685,Unknown,Unknown
686,Philips Lamp 2,Bulb
687,Coordinator,Coordinator
688,Unknown,Unknown
689,Power Plug 2,Socket
690,Philips Lamp 1,Bulb
691,Ledvance Bulb,Bulb
692,Coordinator,Coordinator
693,Ledvance Bulb,Bulb
694,Unknown,Unknown
695,Coordinator,Coordinator
696,Unknown,Unknown
697,Philips Motion,Bulb
698,Unknown,Unknown
699,Smart Socket,Socket
700,Unknown,Unknown
701,Coordinator,Coordinator
702,Unknown,Unknown
703,Coordinator,Coordinator
704,Ledvance Bulb,Bulb
705,Unknown,Unknown
706,Ledvance Bulb,Bulb
707,Unknown,Unknown
708,Philips Motion,Bulb
709,Unknown,Unknown
710,Smart Socket,Socket
711,Unknown,Unknown
712,Ledvance Bulb,Bulb
713,Unknown,Unknown
714,Unknown,Unknown
715,Philips Lamp 2,Bulb
716,Unknown,Unknown
717,Unknown,Unknown
718,Unknown,Unknown
719,Unknown,Unknown
720,Philips Lamp 2,Bulb
721,Unknown,Unknown
722,Power Plug 2,Socket
723,Philips Lamp 1,Bulb
724,Unknown,Unknown
725,Philips Lamp 1,Bulb
726,Unknown,Unknown
727,Philips Lamp 1,Bulb
728,Unknown,Unknown
729,Philips Lamp 1,Bulb
730,Unknown,Unknown
731,Philips Motion,Bulb
732,Ledvance Z3 Plug,Socket
733,Ledvance Smart+ Plug,Socket
734,Power Plug 1,Socket
735,Philips Lamp 2,Bulb
736,Philips Motion,Bulb
737,Ledvance Bulb,Bulb
738,Coordinator,Coordinator
739,Philips Motion,Bulb
740,Ledvance Bulb,Bulb
741,Unknown,Unknown
742,Ledvance Bulb,Bulb
743,Unknown,Unknown
744,Coordinator,Coordinator
745,Unknown,Unknown
746,Coordinator,Coordinator
747,Coordinator,Coordinator
748,Unknown,Unknown
749,Ledvance Bulb,Bulb
750,Ledvance Bulb,Bulb
751,Unknown,Unknown
752,Ledvance Bulb,Bulb
753,Unknown,Unknown
754,Philips Lamp 2,Bulb
755,Unknown,Unknown
756,Philips Lamp 2,Bulb
757,Unknown,Unknown
758,Philips Lamp 1,Bulb
759,Unknown,Unknown
760,Philips Lamp 1,Bulb
761,Unknown,Unknown
762,Unknown,Unknown
763,Ledvance Bulb,Bulb
764,Unknown,Unknown
765,Ledvance Bulb,Bulb
766,Unknown,Unknown
767,Coordinator,Coordinator
768,Coordinator,Coordinator
769,Unknown,Unknown
770,Coordinator,Coordinator
771,Unknown,Unknown
772,Ledvance Bulb,Bulb
773,Unknown,Unknown
774,Ledvance Bulb,Bulb
775,Unknown,Unknown
776,Ledvance Bulb,Bulb
777,Unknown,Unknown
778,Coordinator,Coordinator
779,Unknown,Unknown
780,Ledvance Bulb,Bulb
781,Unknown,Unknown
782,Ledvance Bulb,Bulb
783,Unknown,Unknown
784,Ledvance Bulb,Bulb
785,Unknown,Unknown
786,Ledvance Bulb,Bulb
787,Unknown,Unknown
788,Ledvance Bulb,Bulb
789,Unknown,Unknown
790,Coordinator,Coordinator
791,Unknown,Unknown
792,Ledvance Bulb,Bulb
793,Unknown,Unknown
794,Coordinator,Coordinator
795,Unknown,Unknown
796,Coordinator,Coordinator
797,Unknown,Unknown
798,Coordinator,Coordinator
799,Unknown,Unknown
800,Coordinator,Coordinator
801,Unknown,Unknown
802,Ledvance Bulb,Bulb
803,Unknown,Unknown
804,Ledvance Bulb,Bulb
805,Unknown,Unknown
806,Ledvance Bulb,Bulb
807,Unknown,Unknown
808,Ledvance Bulb,Bulb
809,Unknown,Unknown
810,Ledvance Bulb,Bulb
811,Unknown,Unknown
812,Ledvance Bulb,Bulb
813,Unknown,Unknown
814,Coordinator,Coordinator
815,Unknown,Unknown
816,Coordinator,Coordinator
817,Unknown,Unknown
818,Ledvance Bulb,Bulb
819,Unknown,Unknown
820,Ledvance Bulb,Bulb
821,Unknown,Unknown
822,Philips Lamp 3,Motion
823,Unknown,Unknown
824,Coordinator,Coordinator
825,Unknown,Unknown
826,Smart Socket,Socket
827,Unknown,Unknown
828,Moes Bulb,Bulb
829,Unknown,Unknown
830,Moes Bulb,Bulb
831,Unknown,Unknown
832,Coordinator,Coordinator
833,Unknown,Unknown
834,Smart Socket,Socket
835,Unknown,Unknown
836,Ledvance Bulb,Bulb
837,Unknown,Unknown
838,Philips Motion,Bulb
839,Ledvance Bulb,Bulb
840,Unknown,Unknown
841,Coordinator,Coordinator
842,Unknown,Unknown
843,Coordinator,Coordinator
844,Unknown,Unknown
845,Ledvance Bulb,Bulb
846,Unknown,Unknown
847,Ledvance Bulb,Bulb
848,Unknown,Unknown
849,Coordinator,Coordinator
850,Unknown,Unknown
851,Smart Socket,Socket
852,Unknown,Unknown
853,Philips Motion,Bulb
854,Unknown,Unknown
855,Smart Socket,Socket
856,Unknown,Unknown
857,Philips Motion,Bulb
858,Unknown,Unknown
859,Smart Socket,Socket
860,Unknown,Unknown
861,Philips Motion,Bulb
862,Unknown,Unknown
863,Smart Socket,Socket
864,Unknown,Unknown
865,Philips Motion,Bulb
866,Unknown,Unknown
867,Smart Socket,Socket
868,Unknown,Unknown
869,Philips Motion,Bulb
870,Power Plug 1,Socket
871,Coordinator,Coordinator
872,Unknown,Unknown
873,Philips Lamp 1,Bulb
874,Unknown,Unknown
875,Philips Lamp 1,Bulb
876,Philips Lamp 1,Bulb
877,Unknown,Unknown
878,Philips Lamp 1,Bulb
879,Unknown,Unknown
880,Philips Lamp 1,Bulb
881,Unknown,Unknown
882,Philips Lamp 1,Bulb
883,Unknown,Unknown
884,Philips Lamp 1,Bulb
885,Unknown,Unknown
886,Smart Socket,Socket
887,Philips Lamp 3,Motion
888,Unknown,Unknown
889,Philips Lamp 1,Bulb
890,Unknown,Unknown
891,Moes Bulb,Bulb
892,Philips Lamp 1,Bulb
893,Unknown,Unknown
894,Coordinator,Coordinator
895,Unknown,Unknown
896,Philips Lamp 2,Bulb
897,Unknown,Unknown
898,Unknown,Unknown
899,Philips Lamp 2,Bulb
900,Unknown,Unknown
901,Philips Lamp 2,Bulb
902,Unknown,Unknown
903,Unknown,Unknown
904,Philips Lamp 2,Bulb
905,Unknown,Unknown
906,Philips Lamp 2,Bulb
907,Unknown,Unknown
908,Power Plug 2,Socket
909,Ledvance Smart+ Plug,Socket
910,Philips Lamp 2,Bulb
911,Unknown,Unknown
912,Philips Lamp 1,Bulb
913,Philips Lamp 2,Bulb
914,Unknown,Unknown
915,Coordinator,Coordinator
916,Unknown,Unknown
917,Philips Lamp 2,Bulb
918,Unknown,Unknown
919,Power Plug 2,Socket
920,Unknown,Unknown
921,Unknown,Unknown
922,Power Plug 2,Socket
923,Unknown,Unknown
924,Unknown,Unknown
925,Philips Lamp 3,Motion
926,Unknown,Unknown
927,Ledvance Z3 Plug,Socket
928,Coordinator,Coordinator
929,Philips Lamp 2,Bulb
930,Coordinator,Coordinator
931,Unknown,Unknown
932,Philips Lamp 1,Bulb
933,Unknown,Unknown
934,Power Plug 1,Socket
935,Unknown,Unknown
936,Power Plug 1,Socket
937,Unknown,Unknown
938,Coordinator,Coordinator
939,Unknown,Unknown
940,Smart Socket,Socket
941,Unknown,Unknown
942,Smart Socket,Socket
943,Unknown,Unknown
944,Philips Lamp 3,Motion
945,Unknown,Unknown
946,Coordinator,Coordinator
947,Unknown,Unknown
948,Philips Lamp 2,Bulb
949,Unknown,Unknown
950,Power Plug 2,Socket
951,Unknown,Unknown
952,Power Plug 2,Socket
953,Unknown,Unknown
954,Coordinator,Coordinator
955,Unknown,Unknown
956,Philips Lamp 1,Bulb
957,Unknown,Unknown
958,Power Plug 1,Socket
959,Power Plug 1,Socket
960,Unknown,Unknown
961,Power Plug 1,Socket
962,Unknown,Unknown
963,Power Plug 1,Socket
964,Smart Socket,Socket
965,Philips Lamp 3,Motion
966,Unknown,Unknown
967,Philips Motion,Bulb
968,Moes Bulb,Bulb
969,Moes Bulb,Bulb
970,Unknown,Unknown
971,Moes Bulb,Bulb
972,Unknown,Unknown
973,Moes Bulb,Bulb
974,Unknown,Unknown
975,Coordinator,Coordinator
976,Unknown,Unknown
977,Smart Socket,Socket
978,Unknown,Unknown
979,Coordinator,Coordinator
980,Unknown,Unknown
981,Smart Socket,Socket
982,Unknown,Unknown
983,Coordinator,Coordinator
984,Unknown,Unknown
985,Smart Socket,Socket
986,Unknown,Unknown
987,Coordinator,Coordinator
988,Unknown,Unknown
989,Smart Socket,Socket
990,Unknown,Unknown
991,Smart Socket,Socket
992,Unknown,Unknown
993,Ledvance Bulb,Bulb
994,Ledvance Bulb,Bulb
995,Ledvance Bulb,Bulb
996,Philips Lamp 1,Bulb
997,Philips Motion,Bulb
998,Power Plug 1,Socket
999,Moes Bulb,Bulb
1000,Moes Bulb,Bulb
1001,Ledvance Z3 Plug,Socket
1002,Unknown,Unknown
1003,Ledvance Smart+ Plug,Socket
1004,Power Plug 1,Socket
1005,Philips Motion,Bulb
1006,Philips Lamp 2,Bulb
1007,Ledvance Z3 Plug,Socket
1008,Smart Socket,Socket
1009,Coordinator,Coordinator
1010,Ledvance Smart+ Plug,Socket
1011,Coordinator,Coordinator
1012,Unknown,Unknown
1013,Philips Lamp 2,Bulb
1014,Coordinator,Coordinator
1015,Ledvance Bulb,Bulb
1016,Unknown,Unknown
1017,Coordinator,Coordinator
1018,Unknown,Unknown
1019,Ledvance Bulb,Bulb
1020,Unknown,Unknown
1021,Coordinator,Coordinator
1022,Unknown,Unknown
1023,Ledvance Bulb,Bulb
1024,Unknown,Unknown
1025,Ledvance Bulb,Bulb
1026,Unknown,Unknown
1027,Ledvance Bulb,Bulb
1028,Unknown,Unknown
1029,Ledvance Bulb,Bulb
1030,Unknown,Unknown
1031,Coordinator,Coordinator
1032,Unknown,Unknown
1033,Power Plug 1,Socket
1034,Moes Bulb,Bulb
1035,Power Plug 2,Socket
1036,Unknown,Unknown
1037,Power Plug 1,Socket
1038,Smart Socket,Socket
1039,Ledvance Bulb,Bulb
1040,Ledvance Bulb,Bulb
1041,Ledvance Z3 Plug,Socket
1042,Power Plug 1,Socket
1043,Moes Bulb,Bulb
1044,Unknown,Unknown
1045,Power Plug 2,Socket
1046,Power Plug 1,Socket
1047,Coordinator,Coordinator
1048,Ledvance Smart+ Plug,Socket
1049,Smart Socket,Socket
1050,Coordinator,Coordinator
1051,Ledvance Smart+ Plug,Socket
1052,Ledvance Bulb,Bulb
1053,Unknown,Unknown
1054,Ledvance Bulb,Bulb
1055,Unknown,Unknown
1056,Ledvance Bulb,Bulb
1057,Coordinator,Coordinator
1058,Unknown,Unknown
1059,Coordinator,Coordinator
1060,Unknown,Unknown
1061,Ledvance Bulb,Bulb
1062,Ledvance Bulb,Bulb
1063,Unknown,Unknown
1064,Power Plug 2,Socket
1065,Ledvance Bulb,Bulb
1066,Unknown,Unknown
1067,Ledvance Z3 Plug,Socket
1068,Coordinator,Coordinator
1069,Coordinator,Coordinator
1070,Ledvance Smart+ Plug,Socket
1071,Ledvance Bulb,Bulb
1072,Unknown,Unknown
1073,Ledvance Bulb,Bulb
1074,Unknown,Unknown
1075,Coordinator,Coordinator
1076,Unknown,Unknown
1077,Coordinator,Coordinator
1078,Unknown,Unknown
1079,Ledvance Bulb,Bulb
1080,Unknown,Unknown
1081,Ledvance Bulb,Bulb
1082,Unknown,Unknown
1083,Ledvance Z3 Plug,Socket
1084,Coordinator,Coordinator
1085,Philips Lamp 1,Bulb
1086,Coordinator,Coordinator
1087,Unknown,Unknown
1088,Smart Socket,Socket
1089,Unknown,Unknown
1090,Coordinator,Coordinator
1091,Unknown,Unknown
1092,Philips Lamp 1,Bulb
1093,Unknown,Unknown
1094,Coordinator,Coordinator
1095,Unknown,Unknown
1096,Power Plug 1,Socket
1097,Unknown,Unknown
1098,Coordinator,Coordinator
1099,Unknown,Unknown
1100,Smart Socket,Socket
1101,Unknown,Unknown
1102,Coordinator,Coordinator
1103,Unknown,Unknown
1104,Philips Lamp 1,Bulb
1105,Unknown,Unknown
1106,Power Plug 1,Socket
1107,Unknown,Unknown
1108,Coordinator,Coordinator
1109,Philips Lamp 1,Bulb
1110,Unknown,Unknown
1111,Coordinator,Coordinator
1112,Unknown,Unknown
1113,Coordinator,Coordinator
1114,Unknown,Unknown
1115,Coordinator,Coordinator
1116,Unknown,Unknown
1117,Philips Lamp 2,Bulb
1118,Coordinator,Coordinator
1119,Unknown,Unknown
1120,Unknown,Unknown
1121,Coordinator,Coordinator
1122,Unknown,Unknown
1123,Coordinator,Coordinator
1124,Unknown,Unknown
1125,Unknown,Unknown
1126,Philips Lamp 2,Bulb
1127,Philips Lamp 2,Bulb
1128,Unknown,Unknown
1129,Unknown,Unknown
1130,Philips Lamp 2,Bulb
1131,Coordinator,Coordinator
1132,Coordinator,Coordinator
1133,Unknown,Unknown
1134,Unknown,Unknown
1135,Coordinator,Coordinator
1136,Unknown,Unknown
1137,Philips Lamp 1,Bulb
1138,Unknown,Unknown
1139,Philips Lamp 2,Bulb
1140,Coordinator,Coordinator
1141,Unknown,Unknown
1142,Unknown,Unknown
1143,Coordinator,Coordinator
1144,Unknown,Unknown
1145,Philips Motion,Bulb
1146,Philips Lamp 3,Motion
1147,Unknown,Unknown
1148,Ledvance Bulb,Bulb
1149,Coordinator,Coordinator
1150,Unknown,Unknown
1151,Ledvance Bulb,Bulb
1152,Unknown,Unknown
1153,Ledvance Bulb,Bulb
1154,Unknown,Unknown
1155,Ledvance Bulb,Bulb
1156,Unknown,Unknown
1157,Ledvance Bulb,Bulb
1158,Unknown,Unknown
1159,Ledvance Bulb,Bulb
1160,Unknown,Unknown
1161,Coordinator,Coordinator
1162,Unknown,Unknown
1163,Ledvance Bulb,Bulb
1164,Unknown,Unknown
1165,Coordinator,Coordinator
1166,Unknown,Unknown
1167,Coordinator,Coordinator
1168,Unknown,Unknown
1169,Coordinator,Coordinator
1170,Unknown,Unknown
1171,Coordinator,Coordinator
1172,Unknown,Unknown
1173,Ledvance Bulb,Bulb
1174,Unknown,Unknown
1175,Ledvance Bulb,Bulb
1176,Unknown,Unknown
1177,Ledvance Bulb,Bulb
1178,Unknown,Unknown
1179,Ledvance Bulb,Bulb
1180,Unknown,Unknown
1181,Ledvance Bulb,Bulb
1182,Ledvance Bulb,Bulb
1183,Unknown,Unknown
1184,Ledvance Bulb,Bulb
1185,Unknown,Unknown
1186,Coordinator,Coordinator
1187,Unknown,Unknown
1188,Coordinator,Coordinator
1189,Unknown,Unknown
1190,Ledvance Bulb,Bulb
1191,Unknown,Unknown
1192,Ledvance Bulb,Bulb
1193,Unknown,Unknown
1194,Ledvance Bulb,Bulb
1195,Philips Lamp 3,Motion
1196,Unknown,Unknown
1197,Ledvance Bulb,Bulb
1198,Unknown,Unknown
1199,Coordinator,Coordinator
1200,Philips Lamp 2,Bulb
1201,Unknown,Unknown
1202,Ledvance Bulb,Bulb
1203,Unknown,Unknown
1204,Coordinator,Coordinator
1205,Unknown,Unknown
1206,Philips Lamp 2,Bulb
1207,Unknown,Unknown
1208,Coordinator,Coordinator
1209,Unknown,Unknown
1210,Ledvance Bulb,Bulb
1211,Unknown,Unknown
1212,Unknown,Unknown
1213,Coordinator,Coordinator
1214,Unknown,Unknown
1215,Philips Lamp 1,Bulb
1216,Unknown,Unknown
1217,Philips Lamp 1,Bulb
1218,Unknown,Unknown
1219,Coordinator,Coordinator
1220,Unknown,Unknown
1221,Smart Socket,Socket
1222,Philips Motion,Bulb
1223,Unknown,Unknown
1224,Smart Socket,Socket
1225,Unknown,Unknown
1226,Philips Motion,Bulb
1227,Unknown,Unknown
1228,Smart Socket,Socket
1229,Unknown,Unknown
1230,Philips Motion,Bulb
1231,Unknown,Unknown
1232,Smart Socket,Socket
1233,Unknown,Unknown
1234,Philips Motion,Bulb
1235,Unknown,Unknown
1236,Smart Socket,Socket
1237,Unknown,Unknown
1238,Philips Motion,Bulb
1239,Unknown,Unknown
1240,Unknown,Unknown
1241,Philips Motion,Bulb
1242,Unknown,Unknown
1243,Smart Socket,Socket
1244,Unknown,Unknown
1245,Smart Socket,Socket
1246,Unknown,Unknown
1247,Coordinator,Coordinator
1248,Unknown,Unknown
1249,Smart Socket,Socket
1250,Smart Socket,Socket
1251,Unknown,Unknown
1252,Moes Bulb,Bulb
1253,Unknown,Unknown
1254,Moes Bulb,Bulb
1255,Unknown,Unknown
1256,Coordinator,Coordinator
1257,Unknown,Unknown
1258,Smart Socket,Socket
1259,Unknown,Unknown
1260,Philips Lamp 2,Bulb
1261,Unknown,Unknown
1262,Philips Lamp 2,Bulb
1263,Unknown,Unknown
1264,Philips Lamp 2,Bulb
1265,Unknown,Unknown
1266,Philips Lamp 2,Bulb
1267,Unknown,Unknown
1268,Coordinator,Coordinator
1269,Unknown,Unknown
1270,Ledvance Bulb,Bulb
1271,Unknown,Unknown
1272,Ledvance Bulb,Bulb
1273,Unknown,Unknown
1274,Ledvance Bulb,Bulb
1275,Unknown,Unknown
1276,Ledvance Bulb,Bulb
1277,Unknown,Unknown
1278,Coordinator,Coordinator
1279,Unknown,Unknown
1280,Unknown,Unknown
1281,Philips Lamp 1,Bulb
1282,Philips Lamp 1,Bulb
1283,Philips Lamp 1,Bulb
1284,Unknown,Unknown
1285,Philips Lamp 1,Bulb
1286,Unknown,Unknown
1287,Coordinator,Coordinator
1288,Unknown,Unknown
1289,Philips Lamp 1,Bulb
1290,Unknown,Unknown
1291,Philips Lamp 1,Bulb
1292,Coordinator,Coordinator
1293,Philips Lamp 1,Bulb
1294,Unknown,Unknown
1295,Ledvance Bulb,Bulb
1296,Unknown,Unknown
1297,Ledvance Bulb,Bulb
1298,Unknown,Unknown
1299,Ledvance Bulb,Bulb
1300,Unknown,Unknown
1301,Ledvance Bulb,Bulb
1302,Unknown,Unknown
1303,Coordinator,Coordinator
1304,Unknown,Unknown
1305,Coordinator,Coordinator
1306,Unknown,Unknown
1307,Ledvance Bulb,Bulb
1308,Unknown,Unknown
1309,Ledvance Bulb,Bulb
1310,Unknown,Unknown
1311,Philips Motion,Bulb
1312,Unknown,Unknown
1313,Smart Socket,Socket
1314,Unknown,Unknown
1315,Philips Motion,Bulb
1316,Unknown,Unknown
1317,Smart Socket,Socket
1318,Unknown,Unknown
1319,Philips Lamp 2,Bulb
1320,Unknown,Unknown
1321,Philips Lamp 2,Bulb
1322,Unknown,Unknown
1323,Philips Lamp 1,Bulb
1324,Unknown,Unknown
1325,Ledvance Bulb,Bulb
1326,Unknown,Unknown
1327,Philips Lamp 1,Bulb
1328,Unknown,Unknown
1329,Ledvance Bulb,Bulb
1330,Unknown,Unknown
1331,Coordinator,Coordinator
1332,Coordinator,Coordinator
1333,Unknown,Unknown
1334,Ledvance Bulb,Bulb
1335,Unknown,Unknown
1336,Ledvance Bulb,Bulb
1337,Unknown,Unknown
1338,Power Plug 1,Socket
1339,Ledvance Bulb,Bulb
1340,Smart Socket,Socket
1341,Philips Lamp 3,Motion
1342,Unknown,Unknown
1343,Coordinator,Coordinator
1344,Coordinator,Coordinator
1345,Unknown,Unknown
1346,Philips Lamp 2,Bulb
1347,Unknown,Unknown
1348,Unknown,Unknown
1349,Philips Lamp 2,Bulb
1350,Moes Bulb,Bulb
1351,Philips Lamp 2,Bulb
1352,Unknown,Unknown
1353,Philips Lamp 2,Bulb
1354,Philips Lamp 2,Bulb
1355,Unknown,Unknown
1356,Ledvance Bulb,Bulb
1357,Power Plug 1,Socket
1358,Philips Lamp 2,Bulb
1359,Moes Bulb,Bulb
1360,Ledvance Smart+ Plug,Socket
1361,Unknown,Unknown
1362,Ledvance Z3 Plug,Socket
1363,Smart Socket,Socket
1364,Philips Motion,Bulb
1365,Coordinator,Coordinator
1366,Philips Lamp 1,Bulb
1367,Ledvance Smart+ Plug,Socket
1368,Power Plug 1,Socket
1369,Power Plug 2,Socket
1370,Smart Socket,Socket
1371,Ledvance Bulb,Bulb
1372,Ledvance Z3 Plug,Socket
1373,Power Plug 1,Socket
1374,Power Plug 2,Socket
1375,Smart Socket,Socket
1376,Coordinator,Coordinator
1377,Ledvance Smart+ Plug,Socket
1378,Philips Lamp 1,Bulb
1379,Ledvance Bulb,Bulb
1380,Coordinator,Coordinator
1381,Coordinator,Coordinator
1382,Philips Lamp 2,Bulb
1383,Unknown,Unknown
1384,Coordinator,Coordinator
1385,Unknown,Unknown
1386,Philips Lamp 2,Bulb
1387,Unknown,Unknown
1388,Coordinator,Coordinator
1389,Ledvance Z3 Plug,Socket
1390,Philips Lamp 2,Bulb
1391,Unknown,Unknown
1392,Philips Lamp 2,Bulb
1393,Unknown,Unknown
1394,Philips Lamp 3,Motion
1395,Unknown,Unknown
1396,Philips Motion,Bulb
1397,Coordinator,Coordinator
1398,Unknown,Unknown
1399,Philips Lamp 2,Bulb
1400,Unknown,Unknown
1401,Philips Lamp 2,Bulb
1402,Unknown,Unknown
1403,Philips Lamp 2,Bulb
1404,Unknown,Unknown
1405,Philips Lamp 2,Bulb
1406,Unknown,Unknown
1407,Coordinator,Coordinator
1408,Unknown,Unknown
1409,Philips Lamp 2,Bulb
1410,Unknown,Unknown
1411,Philips Lamp 2,Bulb
1412,Unknown,Unknown
1413,Philips Lamp 2,Bulb
1414,Unknown,Unknown
1415,Philips Lamp 2,Bulb
1416,Unknown,Unknown
1417,Philips Lamp 3,Motion
1418,Unknown,Unknown
1419,Ledvance Bulb,Bulb
1420,Power Plug 1,Socket
1421,Coordinator,Coordinator
1422,Unknown,Unknown
1423,Philips Lamp 2,Bulb
1424,Unknown,Unknown
1425,Philips Lamp 2,Bulb
1426,Unknown,Unknown
1427,Smart Socket,Socket
1428,Philips Lamp 2,Bulb
1429,Philips Lamp 2,Bulb
1430,Unknown,Unknown
1431,Philips Lamp 2,Bulb
1432,Unknown,Unknown
1433,Philips Lamp 3,Motion
1434,Unknown,Unknown
1435,Philips Lamp 2,Bulb
1436,Moes Bulb,Bulb
1437,Coordinator,Coordinator
1438,Unknown,Unknown
1439,Philips Lamp 2,Bulb
1440,Philips Lamp 2,Bulb
1441,Unknown,Unknown
1442,Philips Lamp 2,Bulb
1443,Unknown,Unknown
1444,Unknown,Unknown
1445,Unknown,Unknown
1446,Unknown,Unknown
1447,Unknown,Unknown
1448,Philips Lamp 2,Bulb
1449,Unknown,Unknown
1450,Philips Lamp 2,Bulb
1451,Unknown,Unknown
1452,Ledvance Bulb,Bulb
1453,Unknown,Unknown
1454,Ledvance Bulb,Bulb
1455,Unknown,Unknown
1456,Ledvance Bulb,Bulb
1457,Unknown,Unknown
1458,Coordinator,Coordinator
1459,Unknown,Unknown
1460,Coordinator,Coordinator
1461,Unknown,Unknown
1462,Ledvance Bulb,Bulb
1463,Unknown,Unknown
1464,Ledvance Bulb,Bulb
1465,Unknown,Unknown
1466,Philips Lamp 2,Bulb
1467,Unknown,Unknown
1468,Philips Lamp 2,Bulb
1469,Unknown,Unknown
1470,Power Plug 2,Socket
1471,Ledvance Smart+ Plug,Socket
1472,Ledvance Z3 Plug,Socket
1473,Coordinator,Coordinator
1474,Unknown,Unknown
1475,Smart Socket,Socket
1476,Unknown,Unknown
1477,Coordinator,Coordinator
1478,Unknown,Unknown
1479,Coordinator,Coordinator
1480,Unknown,Unknown
1481,Philips Lamp 1,Bulb
1482,Unknown,Unknown
1483,Power Plug 1,Socket
1484,Unknown,Unknown
1485,Coordinator,Coordinator
1486,Unknown,Unknown
1487,Smart Socket,Socket
1488,Unknown,Unknown
1489,Coordinator,Coordinator
1490,Unknown,Unknown
1491,Philips Lamp 1,Bulb
1492,Unknown,Unknown
1493,Coordinator,Coordinator
1494,Unknown,Unknown
1495,Power Plug 1,Socket
1496,Unknown,Unknown
1497,Coordinator,Coordinator
1498,Unknown,Unknown
1499,Philips Lamp 1,Bulb
1500,Unknown,Unknown
1501,Coordinator,Coordinator
1502,Unknown,Unknown
1503,Philips Lamp 2,Bulb
1504,Unknown,Unknown
1505,Coordinator,Coordinator
1506,Unknown,Unknown
1507,Power Plug 2,Socket
1508,Unknown,Unknown
1509,Coordinator,Coordinator
1510,Unknown,Unknown
1511,Philips Lamp 1,Bulb
1512,Unknown,Unknown
1513,Coordinator,Coordinator
1514,Unknown,Unknown
1515,Philips Lamp 1,Bulb
1516,Unknown,Unknown
1517,Coordinator,Coordinator
1518,Unknown,Unknown
1519,Philips Lamp 2,Bulb
1520,Unknown,Unknown
1521,Coordinator,Coordinator
1522,Unknown,Unknown
1523,Power Plug 2,Socket
1524,Unknown,Unknown
1525,Philips Lamp 1,Bulb
1526,Unknown,Unknown
1527,Philips Lamp 2,Bulb
1528,Coordinator,Coordinator
1529,Unknown,Unknown
1530,Philips Lamp 2,Bulb
1531,Unknown,Unknown
1532,Philips Motion,Bulb
1533,Philips Lamp 3,Motion
1534,Unknown,Unknown
1535,Philips Lamp 1,Bulb
1536,Philips Lamp 1,Bulb
1537,Philips Lamp 1,Bulb
1538,Unknown,Unknown
1539,Philips Lamp 1,Bulb
1540,Unknown,Unknown
1541,Coordinator,Coordinator
1542,Unknown,Unknown
1543,Philips Lamp 1,Bulb
1544,Philips Lamp 1,Bulb
1545,Unknown,Unknown
1546,Philips Lamp 1,Bulb
1547,Unknown,Unknown
1548,Coordinator,Coordinator
1549,Philips Lamp 1,Bulb
1550,Philips Lamp 1,Bulb
1551,Unknown,Unknown
1552,Philips Lamp 1,Bulb
1553,Unknown,Unknown
1554,Philips Lamp 3,Motion
1555,Unknown,Unknown
1556,Coordinator,Coordinator
1557,Unknown,Unknown
1558,Philips Lamp 1,Bulb
1559,Unknown,Unknown
1560,Philips Lamp 1,Bulb
1561,Philips Lamp 1,Bulb
1562,Philips Lamp 1,Bulb
1563,Philips Lamp 1,Bulb
1564,Unknown,Unknown
1565,Philips Lamp 1,Bulb
1566,Unknown,Unknown
1567,Philips Lamp 1,Bulb
1568,Unknown,Unknown
1569,Ledvance Bulb,Bulb
1570,Power Plug 1,Socket
1571,Coordinator,Coordinator
1572,Unknown,Unknown
1573,Philips Lamp 1,Bulb
1574,Unknown,Unknown
1575,Philips Lamp 1,Bulb
1576,Unknown,Unknown
1577,Smart Socket,Socket
1578,Philips Lamp 2,Bulb
1579,Philips Lamp 3,Motion
1580,Unknown,Unknown
1581,Philips Lamp 1,Bulb
1582,Unknown,Unknown
1583,Philips Lamp 1,Bulb
1584,Unknown,Unknown
1585,Moes Bulb,Bulb
1586,Coordinator,Coordinator
1587,Unknown,Unknown
1588,Philips Lamp 1,Bulb
1589,Unknown,Unknown
1590,Philips Lamp 1,Bulb
1591,Philips Lamp 1,Bulb
1592,Unknown,Unknown
1593,Power Plug 2,Socket
1594,Ledvance Smart+ Plug,Socket
1595,Philips Lamp 1,Bulb
1596,Unknown,Unknown
1597,Ledvance Z3 Plug,Socket
1598,Power Plug 1,Socket
1599,Unknown,Unknown
1600,Coordinator,Coordinator
1601,Unknown,Unknown
1602,Philips Lamp 1,Bulb
1603,Unknown,Unknown
1604,Power Plug 1,Socket
1605,Unknown,Unknown
1606,Philips Lamp 1,Bulb
1607,Unknown,Unknown
1608,Philips Lamp 1,Bulb
1609,Unknown,Unknown
1610,Coordinator,Coordinator
1611,Unknown,Unknown
1612,Philips Lamp 1,Bulb
1613,Unknown,Unknown
1614,Philips Lamp 1,Bulb
1615,Unknown,Unknown
1616,Philips Motion,Bulb
1617,Philips Lamp 1,Bulb
1618,Unknown,Unknown
1619,Philips Lamp 1,Bulb
1620,Unknown,Unknown
1621,Philips Lamp 3,Motion
1622,Unknown,Unknown
1623,Coordinator,Coordinator
1624,Unknown,Unknown
1625,Philips Lamp 1,Bulb
1626,Unknown,Unknown
1627,Philips Lamp 1,Bulb
1628,Unknown,Unknown
1629,Philips Lamp 1,Bulb
1630,Unknown,Unknown
1631,Philips Lamp 1,Bulb
1632,Unknown,Unknown
1633,Philips Lamp 1,Bulb
1634,Unknown,Unknown
1635,Philips Lamp 1,Bulb
1636,Unknown,Unknown
1637,Philips Lamp 1,Bulb
1638,Coordinator,Coordinator
1639,Philips Lamp 1,Bulb
1640,Unknown,Unknown
1641,Philips Lamp 1,Bulb
1642,Unknown,Unknown
1643,Ledvance Bulb,Bulb
1644,Philips Motion,Bulb
1645,Coordinator,Coordinator
1646,Ledvance Z3 Plug,Socket
1647,Power Plug 2,Socket
1648,Coordinator,Coordinator
1649,Unknown,Unknown
1650,Power Plug 1,Socket
1651,Ledvance Bulb,Bulb
1652,Unknown,Unknown
1653,Smart Socket,Socket
1654,Philips Lamp 2,Bulb
1655,Philips Lamp 1,Bulb
1656,Ledvance Smart+ Plug,Socket
1657,Ledvance Bulb,Bulb
1658,Unknown,Unknown
1659,Power Plug 2,Socket
1660,Smart Socket,Socket
1661,Ledvance Bulb,Bulb
1662,Coordinator,Coordinator
1663,Power Plug 2,Socket
1664,Smart Socket,Socket
1665,Ledvance Smart+ Plug,Socket
1666,Coordinator,Coordinator
1667,Unknown,Unknown
1668,Smart Socket,Socket
1669,Unknown,Unknown
1670,Philips Motion,Bulb
1671,Unknown,Unknown
1672,Smart Socket,Socket
1673,Unknown,Unknown
1674,Philips Motion,Bulb
1675,Unknown,Unknown
1676,Smart Socket,Socket
1677,Unknown,Unknown
1678,Philips Motion,Bulb
1679,Unknown,Unknown
1680,Smart Socket,Socket
1681,Smart Socket,Socket
1682,Unknown,Unknown
1683,Philips Motion,Bulb
1684,Unknown,Unknown
1685,Smart Socket,Socket
1686,Unknown,Unknown
1687,Coordinator,Coordinator
1688,Ledvance Bulb,Bulb
1689,Philips Lamp 3,Motion
1690,Unknown,Unknown
1691,Ledvance Bulb,Bulb
1692,Unknown,Unknown
1693,Ledvance Bulb,Bulb
1694,Unknown,Unknown
1695,Coordinator,Coordinator
1696,Unknown,Unknown
1697,Coordinator,Coordinator
1698,Unknown,Unknown
1699,Ledvance Bulb,Bulb
1700,Unknown,Unknown
1701,Ledvance Bulb,Bulb
1702,Unknown,Unknown
1703,Coordinator,Coordinator
1704,Unknown,Unknown
1705,Smart Socket,Socket
1706,Unknown,Unknown
1707,Philips Motion,Bulb
1708,Unknown,Unknown
1709,Smart Socket,Socket
1710,Unknown,Unknown
1711,Philips Motion,Bulb
1712,Unknown,Unknown
1713,Smart Socket,Socket
1714,Unknown,Unknown
1715,Philips Motion,Bulb
1716,Unknown,Unknown
1717,Smart Socket,Socket
1718,Unknown,Unknown
1719,Philips Motion,Bulb
1720,Unknown,Unknown
1721,Smart Socket,Socket
1722,Unknown,Unknown
1723,Ledvance Bulb,Bulb
1724,Power Plug 1,Socket
1725,Unknown,Unknown
1726,Coordinator,Coordinator
1727,Unknown,Unknown
1728,Smart Socket,Socket
1729,Unknown,Unknown
1730,Philips Motion,Bulb
1731,Unknown,Unknown
1732,Smart Socket,Socket
1733,Unknown,Unknown
1734,Philips Motion,Bulb
1735,Unknown,Unknown
1736,Smart Socket,Socket
1737,Unknown,Unknown
1738,Smart Socket,Socket
1739,Philips Motion,Bulb
1740,Unknown,Unknown
1741,Smart Socket,Socket
1742,Unknown,Unknown
1743,Philips Motion,Bulb
1744,Unknown,Unknown
1745,Smart Socket,Socket
1746,Unknown,Unknown
1747,Philips Lamp 3,Motion
1748,Unknown,Unknown
1749,Moes Bulb,Bulb
1750,Coordinator,Coordinator
1751,Unknown,Unknown
1752,Smart Socket,Socket
1753,Unknown,Unknown
1754,Philips Motion,Bulb
1755,Unknown,Unknown
1756,Smart Socket,Socket
1757,Unknown,Unknown
1758,Philips Motion,Bulb
1759,Unknown,Unknown
1760,Smart Socket,Socket
1761,Unknown,Unknown
1762,Philips Motion,Bulb
1763,Unknown,Unknown
1764,Smart Socket,Socket
1765,Unknown,Unknown
1766,Philips Motion,Bulb
1767,Unknown,Unknown
1768,Smart Socket,Socket
1769,Unknown,Unknown
1770,Ledvance Smart+ Plug,Socket
1771,Ledvance Z3 Plug,Socket
1772,Coordinator,Coordinator
1773,Unknown,Unknown
1774,Smart Socket,Socket
1775,Unknown,Unknown
1776,Coordinator,Coordinator
1777,Unknown,Unknown
1778,Philips Lamp 1,Bulb
1779,Unknown,Unknown
1780,Power Plug 1,Socket
1781,Unknown,Unknown
1782,Coordinator,Coordinator
1783,Unknown,Unknown
1784,Philips Motion,Bulb
1785,Coordinator,Coordinator
1786,Unknown,Unknown
1787,Smart Socket,Socket
1788,Unknown,Unknown
1789,Coordinator,Coordinator
1790,Unknown,Unknown
1791,Philips Lamp 1,Bulb
1792,Unknown,Unknown
1793,Power Plug 1,Socket
1794,Unknown,Unknown
1795,Coordinator,Coordinator
1796,Unknown,Unknown
1797,Philips Lamp 1,Bulb
1798,Unknown,Unknown
1799,Coordinator,Coordinator
1800,Unknown,Unknown
1801,Philips Lamp 2,Bulb
1802,Coordinator,Coordinator
1803,Unknown,Unknown
1804,Unknown,Unknown
1805,Unknown,Unknown
1806,Philips Lamp 2,Bulb
1807,Unknown,Unknown
1808,Unknown,Unknown
1809,Unknown,Unknown
1810,Coordinator,Coordinator
1811,Unknown,Unknown
1812,Coordinator,Coordinator
1813,Unknown,Unknown
1814,Philips Lamp 1,Bulb
1815,Unknown,Unknown
1816,Coordinator,Coordinator
1817,Unknown,Unknown
1818,Philips Lamp 2,Bulb
1819,Unknown,Unknown
1820,Coordinator,Coordinator
1821,Unknown,Unknown
1822,Philips Lamp 2,Bulb
1823,Unknown,Unknown
1824,Philips Lamp 3,Motion
1825,Unknown,Unknown
1826,Coordinator,Coordinator
1827,Unknown,Unknown
1828,Smart Socket,Socket
1829,Unknown,Unknown
1830,Philips Motion,Bulb
1831,Unknown,Unknown
1832,Smart Socket,Socket
1833,Unknown,Unknown
1834,Philips Motion,Bulb
1835,Unknown,Unknown
1836,Smart Socket,Socket
1837,Unknown,Unknown
1838,Philips Motion,Bulb
1839,Unknown,Unknown
1840,Smart Socket,Socket
1841,Unknown,Unknown
1842,Philips Motion,Bulb
1843,Unknown,Unknown
1844,Smart Socket,Socket
1845,Unknown,Unknown
1846,Coordinator,Coordinator
1847,Unknown,Unknown
1848,Philips Lamp 1,Bulb
1849,Unknown,Unknown
1850,Philips Lamp 1,Bulb
1851,Unknown,Unknown
1852,Coordinator,Coordinator
1853,Unknown,Unknown
1854,Philips Lamp 1,Bulb
1855,Unknown,Unknown
1856,Philips Lamp 1,Bulb
1857,Unknown,Unknown
1858,Coordinator,Coordinator
1859,Coordinator,Coordinator
1860,Unknown,Unknown
1861,Smart Socket,Socket
1862,Unknown,Unknown
1863,Philips Motion,Bulb
1864,Unknown,Unknown
1865,Smart Socket,Socket
1866,Unknown,Unknown
1867,Philips Motion,Bulb
1868,Unknown,Unknown
1869,Smart Socket,Socket
1870,Unknown,Unknown
1871,Philips Lamp 1,Bulb
1872,Philips Motion,Bulb
1873,Unknown,Unknown
1874,Smart Socket,Socket
1875,Unknown,Unknown
1876,Philips Motion,Bulb
1877,Unknown,Unknown
1878,Smart Socket,Socket
1879,Unknown,Unknown
1880,Philips Lamp 3,Motion
1881,Unknown,Unknown
1882,Coordinator,Coordinator
1883,Unknown,Unknown
1884,Smart Socket,Socket
1885,Unknown,Unknown
1886,Philips Motion,Bulb
1887,Unknown,Unknown
1888,Smart Socket,Socket
1889,Unknown,Unknown
1890,Philips Motion,Bulb
1891,Unknown,Unknown
1892,Smart Socket,Socket
1893,Unknown,Unknown
1894,Philips Motion,Bulb
1895,Unknown,Unknown
1896,Smart Socket,Socket
1897,Unknown,Unknown
1898,Philips Motion,Bulb
1899,Unknown,Unknown
1900,Smart Socket,Socket
1901,Unknown,Unknown
1902,Ledvance Bulb,Bulb
1903,Philips Lamp 2,Bulb
1904,Power Plug 1,Socket
1905,Smart Socket,Socket
1906,Coordinator,Coordinator
1907,Unknown,Unknown
1908,Smart Socket,Socket
1909,Unknown,Unknown
1910,Moes Bulb,Bulb
1911,Unknown,Unknown
1912,Coordinator,Coordinator
1913,Unknown,Unknown
1914,Smart Socket,Socket
1915,Unknown,Unknown
1916,Unknown,Unknown
1917,Philips Lamp 3,Motion
1918,Unknown,Unknown
1919,Moes Bulb,Bulb
1920,Unknown,Unknown
1921,Moes Bulb,Bulb
1922,Unknown,Unknown
1923,Coordinator,Coordinator
1924,Unknown,Unknown
1925,Smart Socket,Socket
1926,Unknown,Unknown
1927,Moes Bulb,Bulb
1928,Coordinator,Coordinator
1929,Unknown,Unknown
1930,Smart Socket,Socket
1931,Unknown,Unknown
1932,Power Plug 2,Socket
1933,Ledvance Smart+ Plug,Socket
1934,Ledvance Z3 Plug,Socket
1935,Philips Lamp 3,Motion
1936,Unknown,Unknown
1937,Coordinator,Coordinator
1938,Unknown,Unknown
1939,Ledvance Bulb,Bulb
1940,Unknown,Unknown
1941,Ledvance Bulb,Bulb
1942,Unknown,Unknown
1943,Coordinator,Coordinator
1944,Unknown,Unknown
1945,Coordinator,Coordinator
1946,Unknown,Unknown
1947,Ledvance Bulb,Bulb
1948,Unknown,Unknown
1949,Ledvance Bulb,Bulb
1950,Unknown,Unknown
1951,Ledvance Bulb,Bulb
1952,Unknown,Unknown
1953,Coordinator,Coordinator
1954,Unknown,Unknown
1955,Ledvance Bulb,Bulb
1956,Unknown,Unknown
1957,Coordinator,Coordinator
1958,Unknown,Unknown
1959,Coordinator,Coordinator
1960,Coordinator,Coordinator
1961,Coordinator,Coordinator
1962,Unknown,Unknown
1963,Ledvance Bulb,Bulb
1964,Unknown,Unknown
1965,Ledvance Bulb,Bulb
1966,Unknown,Unknown
1967,Philips Motion,Bulb
1968,Smart Socket,Socket
1969,Unknown,Unknown
1970,Coordinator,Coordinator
1971,Unknown,Unknown
1972,Smart Socket,Socket
1973,Unknown,Unknown
1974,Philips Lamp 3,Motion
1975,Unknown,Unknown
1976,Coordinator,Coordinator
1977,Philips Lamp 1,Bulb
1978,Ledvance Bulb,Bulb
1979,Philips Lamp 2,Bulb
1980,Coordinator,Coordinator
1981,Unknown,Unknown
1982,Smart Socket,Socket
1983,Smart Socket,Socket
1984,Smart Socket,Socket
1985,Philips Lamp 3,Motion
1986,Unknown,Unknown
1987,Power Plug 2,Socket
1988,Ledvance Smart+ Plug,Socket
1989,Coordinator,Coordinator
1990,Unknown,Unknown
1991,Smart Socket,Socket
1992,Unknown,Unknown
1993,Moes Bulb,Bulb
1994,Unknown,Unknown
1995,Coordinator,Coordinator
1996,Unknown,Unknown
1997,Smart Socket,Socket
1998,Unknown,Unknown
1999,Moes Bulb,Bulb
2000,Unknown,Unknown
2001,Ledvance Z3 Plug,Socket
2002,Coordinator,Coordinator
2003,Unknown,Unknown
2004,Smart Socket,Socket
2005,Unknown,Unknown
2006,Coordinator,Coordinator
2007,Unknown,Unknown
2008,Philips Lamp 1,Bulb
2009,Unknown,Unknown
2010,Coordinator,Coordinator
2011,Unknown,Unknown
2012,Power Plug 1,Socket
2013,Power Plug 1,Socket
2014,Unknown,Unknown
2015,Coordinator,Coordinator
2016,Unknown,Unknown
2017,Smart Socket,Socket
2018,Unknown,Unknown
2019,Coordinator,Coordinator
2020,Unknown,Unknown
2021,Philips Lamp 1,Bulb
2022,Unknown,Unknown
2023,Power Plug 1,Socket
2024,Unknown,Unknown
2025,Coordinator,Coordinator
2026,Unknown,Unknown
2027,Philips Lamp 1,Bulb
2028,Unknown,Unknown
2029,Coordinator,Coordinator
2030,Coordinator,Coordinator
2031,Unknown,Unknown
2032,Power Plug 2,Socket
2033,Unknown,Unknown
2034,Coordinator,Coordinator
2035,Philips Lamp 2,Bulb
2036,Philips Lamp 2,Bulb
2037,Unknown,Unknown
2038,Unknown,Unknown
2039,Coordinator,Coordinator
2040,Coordinator,Coordinator
2041,Coordinator,Coordinator
2042,Coordinator,Coordinator
2043,Unknown,Unknown
2044,Philips Lamp 1,Bulb
2045,Unknown,Unknown
2046,Coordinator,Coordinator
2047,Coordinator,Coordinator
2048,Unknown,Unknown
2049,Power Plug 2,Socket
2050,Unknown,Unknown
2051,Power Plug 2,Socket
2052,Unknown,Unknown
2053,Coordinator,Coordinator
2054,Unknown,Unknown
2055,Philips Lamp 2,Bulb
2056,Unknown,Unknown
2057,Coordinator,Coordinator
2058,Unknown,Unknown
2059,Philips Lamp 2,Bulb
2060,Coordinator,Coordinator
2061,Unknown,Unknown
2062,Coordinator,Coordinator
2063,Unknown,Unknown
2064,Smart Socket,Socket
2065,Unknown,Unknown
2066,Moes Bulb,Bulb
2067,Moes Bulb,Bulb
2068,Unknown,Unknown
2069,Coordinator,Coordinator
2070,Unknown,Unknown
2071,Smart Socket,Socket
2072,Unknown,Unknown
2073,Moes Bulb,Bulb
2074,Unknown,Unknown
2075,Philips Lamp 3,Motion
2076,Unknown,Unknown
2077,Coordinator,Coordinator
2078,Unknown,Unknown
2079,Smart Socket,Socket
2080,Unknown,Unknown
2081,Moes Bulb,Bulb
2082,Unknown,Unknown
2083,Coordinator,Coordinator
2084,Unknown,Unknown
2085,Smart Socket,Socket
2086,Unknown,Unknown
2087,Moes Bulb,Bulb
2088,Unknown,Unknown
2089,Philips Motion,Bulb
2090,Coordinator,Coordinator
2091,Unknown,Unknown
2092,Smart Socket,Socket
2093,Unknown,Unknown
2094,Moes Bulb,Bulb
2095,Unknown,Unknown
2096,Coordinator,Coordinator
2097,Unknown,Unknown
2098,Smart Socket,Socket
2099,Unknown,Unknown
2100,Moes Bulb,Bulb
2101,Unknown,Unknown
2102,Philips Lamp 3,Motion
2103,Unknown,Unknown
2104,Coordinator,Coordinator
2105,Coordinator,Coordinator
2106,Unknown,Unknown
2107,Smart Socket,Socket
2108,Unknown,Unknown
2109,Moes Bulb,Bulb
2110,Unknown,Unknown
2111,Coordinator,Coordinator
2112,Unknown,Unknown
2113,Smart Socket,Socket
2114,Unknown,Unknown
2115,Moes Bulb,Bulb
2116,Unknown,Unknown
2117,Ledvance Bulb,Bulb
2118,Philips Lamp 2,Bulb
2119,Philips Lamp 1,Bulb
2120,Power Plug 1,Socket
2121,Smart Socket,Socket
2122,Coordinator,Coordinator
2123,Unknown,Unknown
2124,Smart Socket,Socket
2125,Unknown,Unknown
2126,Moes Bulb,Bulb
2127,Unknown,Unknown
2128,Coordinator,Coordinator
2129,Unknown,Unknown
2130,Smart Socket,Socket
2131,Unknown,Unknown
2132,Moes Bulb,Bulb
2133,Unknown,Unknown
2134,Philips Lamp 3,Motion
2135,Unknown,Unknown
2136,Moes Bulb,Bulb
2137,Moes Bulb,Bulb
2138,Unknown,Unknown
2139,Moes Bulb,Bulb
2140,Moes Bulb,Bulb
2141,Unknown,Unknown
2142,Coordinator,Coordinator
2143,Unknown,Unknown
2144,Smart Socket,Socket
2145,Unknown,Unknown
2146,Coordinator,Coordinator
2147,Unknown,Unknown
2148,Smart Socket,Socket
2149,Unknown,Unknown
2150,Sonoff Temperature,Temperature
2151,Unknown,Unknown
2152,Power Plug 2,Socket
2153,Unknown,Unknown
2154,Sonoff Temperature,Temperature
2155,Unknown,Unknown
2156,Unknown,Unknown
2157,Ledvance Smart+ Plug,Socket
2158,Ledvance Z3 Plug,Socket
2159,Coordinator,Coordinator
2160,Unknown,Unknown
2161,Smart Socket,Socket
2162,Unknown,Unknown
2163,Moes Bulb,Bulb
2164,Unknown,Unknown
2165,Coordinator,Coordinator
2166,Unknown,Unknown
2167,Smart Socket,Socket
2168,Unknown,Unknown
2169,Moes Bulb,Bulb
2170,Unknown,Unknown
2171,Philips Lamp 3,Motion
2172,Unknown,Unknown
2173,Philips Motion,Bulb
2174,Ledvance Bulb,Bulb
2175,Unknown,Unknown
2176,Ledvance Bulb,Bulb
2177,Unknown,Unknown
2178,Coordinator,Coordinator
2179,Unknown,Unknown
2180,Coordinator,Coordinator
2181,Unknown,Unknown
2182,Ledvance Bulb,Bulb
2183,Unknown,Unknown
2184,Ledvance Bulb,Bulb
2185,Unknown,Unknown
2186,Coordinator,Coordinator
2187,Unknown,Unknown
2188,Smart Socket,Socket
2189,Unknown,Unknown
2190,Moes Bulb,Bulb
2191,Unknown,Unknown
2192,Coordinator,Coordinator
2193,Unknown,Unknown
2194,Smart Socket,Socket
2195,Unknown,Unknown
2196,Moes Bulb,Bulb
2197,Unknown,Unknown
2198,Unknown,Unknown
2199,Coordinator,Coordinator
2200,Unknown,Unknown
2201,Power Plug 2,Socket
2202,Unknown,Unknown
2203,Philips Lamp 3,Motion
2204,Unknown,Unknown
2205,Coordinator,Coordinator
2206,Coordinator,Coordinator
2207,Unknown,Unknown
2208,Smart Socket,Socket
2209,Unknown,Unknown
2210,Moes Bulb,Bulb
2211,Unknown,Unknown
2212,Coordinator,Coordinator
2213,Unknown,Unknown
2214,Smart Socket,Socket
2215,Unknown,Unknown
2216,Moes Bulb,Bulb
2217,Unknown,Unknown
2218,Coordinator,Coordinator
2219,Unknown,Unknown
2220,Smart Socket,Socket
2221,Unknown,Unknown
2222,Moes Bulb,Bulb
2223,Unknown,Unknown
2224,Coordinator,Coordinator
2225,Unknown,Unknown
2226,Smart Socket,Socket
2227,Unknown,Unknown
2228,Moes Bulb,Bulb
2229,Unknown,Unknown
2230,Moes Bulb,Bulb
2231,Unknown,Unknown
2232,Coordinator,Coordinator
2233,Unknown,Unknown
2234,Smart Socket,Socket
2235,Unknown,Unknown
2236,Ledvance Bulb,Bulb
2237,Power Plug 1,Socket
2238,Philips Lamp 1,Bulb
2239,Smart Socket,Socket
2240,Philips Lamp 3,Motion
2241,Unknown,Unknown
2242,Moes Bulb,Bulb
2243,Coordinator,Coordinator
2244,Unknown,Unknown
2245,Smart Socket,Socket
2246,Unknown,Unknown
2247,Moes Bulb,Bulb
2248,Unknown,Unknown
2249,Coordinator,Coordinator
2250,Unknown,Unknown
2251,Smart Socket,Socket
2252,Smart Socket,Socket
2253,Smart Socket,Socket
2254,Smart Socket,Socket
2255,Unknown,Unknown
2256,Moes Bulb,Bulb
2257,Unknown,Unknown
2258,Power Plug 2,Socket
2259,Ledvance Smart+ Plug,Socket
2260,Ledvance Z3 Plug,Socket
2261,Coordinator,Coordinator
2262,Unknown,Unknown
2263,Smart Socket,Socket
2264,Unknown,Unknown
2265,Coordinator,Coordinator
2266,Unknown,Unknown
2267,Philips Lamp 1,Bulb
2268,Unknown,Unknown
2269,Coordinator,Coordinator
2270,Unknown,Unknown
2271,Power Plug 1,Socket
2272,Unknown,Unknown
2273,Coordinator,Coordinator
2274,Unknown,Unknown
2275,Smart Socket,Socket
2276,Unknown,Unknown
2277,Coordinator,Coordinator
2278,Unknown,Unknown
2279,Philips Lamp 1,Bulb
2280,Unknown,Unknown
2281,Coordinator,Coordinator
2282,Unknown,Unknown
2283,Power Plug 1,Socket
2284,Power Plug 1,Socket
2285,Unknown,Unknown
2286,Coordinator,Coordinator
2287,Unknown,Unknown
2288,Unknown,Unknown
2289,Unknown,Unknown
2290,Philips Lamp 1,Bulb
2291,Unknown,Unknown
2292,Coordinator,Coordinator
2293,Coordinator,Coordinator
2294,Power Plug 2,Socket
2295,Unknown,Unknown
2296,Unknown,Unknown
2297,Unknown,Unknown
2298,Coordinator,Coordinator
2299,Unknown,Unknown
2300,Coordinator,Coordinator
2301,Unknown,Unknown
2302,Philips Lamp 1,Bulb
2303,Unknown,Unknown
2304,Power Plug 2,Socket
2305,Unknown,Unknown
2306,Unknown,Unknown
2307,Coordinator,Coordinator
2308,Coordinator,Coordinator
2309,Power Plug 2,Socket
2310,Unknown,Unknown
2311,Philips Lamp 2,Bulb
2312,Unknown,Unknown
2313,Coordinator,Coordinator
2314,Unknown,Unknown
2315,Coordinator,Coordinator
2316,Unknown,Unknown
2317,Coordinator,Coordinator
2318,Unknown,Unknown
2319,Smart Socket,Socket
2320,Unknown,Unknown
2321,Moes Bulb,Bulb
2322,Unknown,Unknown
2323,Coordinator,Coordinator
2324,Unknown,Unknown
2325,Smart Socket,Socket
2326,Unknown,Unknown
2327,Moes Bulb,Bulb
2328,Unknown,Unknown
2329,Philips Motion,Bulb
2330,Philips Lamp 3,Motion
2331,Unknown,Unknown
2332,Philips Lamp 3,Motion
2333,Unknown,Unknown
2334,Power Plug 2,Socket
2335,Unknown,Unknown
2336,Coordinator,Coordinator
2337,Coordinator,Coordinator
2338,Unknown,Unknown
2339,Philips Lamp 2,Bulb
2340,Unknown,Unknown
2341,Power Plug 2,Socket
2342,Unknown,Unknown
2343,Unknown,Unknown
2344,Unknown,Unknown
2345,Coordinator,Coordinator
2346,Philips Lamp 2,Bulb
2347,Unknown,Unknown
2348,Power Plug 2,Socket
2349,Unknown,Unknown
2350,Coordinator,Coordinator
2351,Power Plug 1,Socket
2352,Coordinator,Coordinator
2353,Unknown,Unknown
2354,Smart Socket,Socket
2355,Unknown,Unknown
2356,Moes Bulb,Bulb
2357,Unknown,Unknown
2358,Coordinator,Coordinator
2359,Unknown,Unknown
2360,Smart Socket,Socket
2361,Unknown,Unknown
2362,Moes Bulb,Bulb
2363,Unknown,Unknown
2364,Smart Socket,Socket
2365,Ledvance Bulb,Bulb
2366,Philips Lamp 2,Bulb
2367,Moes Bulb,Bulb
2368,Moes Bulb,Bulb
2369,Unknown,Unknown
2370,Moes Bulb,Bulb
2371,Unknown,Unknown
2372,Philips Lamp 3,Motion
2373,Unknown,Unknown
2374,Coordinator,Coordinator
2375,Unknown,Unknown
2376,Smart Socket,Socket
2377,Unknown,Unknown
2378,Coordinator,Coordinator
2379,Unknown,Unknown
2380,Smart Socket,Socket
2381,Unknown,Unknown
2382,Ledvance Z3 Plug,Socket
2383,Coordinator,Coordinator
2384,Unknown,Unknown
2385,Smart Socket,Socket
2386,Unknown,Unknown
2387,Moes Bulb,Bulb
2388,Unknown,Unknown
2389,Moes Bulb,Bulb
2390,Unknown,Unknown
2391,Coordinator,Coordinator
2392,Unknown,Unknown
2393,Smart Socket,Socket
2394,Unknown,Unknown
2395,Philips Lamp 1,Bulb
2396,Power Plug 2,Socket
2397,Ledvance Smart+ Plug,Socket
2398,Coordinator,Coordinator
2399,Unknown,Unknown
2400,Smart Socket,Socket
2401,Unknown,Unknown
2402,Moes Bulb,Bulb
2403,Unknown,Unknown
2404,Coordinator,Coordinator
2405,Unknown,Unknown
2406,Smart Socket,Socket
2407,Unknown,Unknown
2408,Moes Bulb,Bulb
2409,Unknown,Unknown
2410,Ledvance Bulb,Bulb
2411,Unknown,Unknown
2412,Ledvance Bulb,Bulb
2413,Unknown,Unknown
2414,Coordinator,Coordinator
2415,Unknown,Unknown
2416,Coordinator,Coordinator
2417,Unknown,Unknown
2418,Ledvance Bulb,Bulb
2419,Unknown,Unknown
2420,Ledvance Bulb,Bulb
2421,Unknown,Unknown
2422,Philips Lamp 3,Motion
2423,Unknown,Unknown
2424,Philips Motion,Bulb
2425,Coordinator,Coordinator
2426,Unknown,Unknown
2427,Smart Socket,Socket
2428,Unknown,Unknown
2429,Moes Bulb,Bulb
2430,Unknown,Unknown
2431,Coordinator,Coordinator
2432,Unknown,Unknown
2433,Smart Socket,Socket
2434,Unknown,Unknown
2435,Moes Bulb,Bulb
2436,Moes Bulb,Bulb
2437,Unknown,Unknown
2438,Coordinator,Coordinator
2439,Unknown,Unknown
2440,Smart Socket,Socket
2441,Unknown,Unknown
2442,Moes Bulb,Bulb
2443,Unknown,Unknown
2444,Moes Bulb,Bulb
2445,Unknown,Unknown
2446,Coordinator,Coordinator
2447,Unknown,Unknown
2448,Smart Socket,Socket
2449,Unknown,Unknown
2450,Philips Lamp 3,Motion
2451,Unknown,Unknown
2452,Coordinator,Coordinator
2453,Unknown,Unknown
2454,Smart Socket,Socket
2455,Unknown,Unknown
2456,Moes Bulb,Bulb
2457,Unknown,Unknown
2458,Moes Bulb,Bulb
2459,Unknown,Unknown
2460,Coordinator,Coordinator
2461,Unknown,Unknown
2462,Smart Socket,Socket
2463,Moes Bulb,Bulb
2464,Unknown,Unknown
2465,Coordinator,Coordinator
2466,Unknown,Unknown
2467,Smart Socket,Socket
2468,Unknown,Unknown
2469,Power Plug 1,Socket
2470,Ledvance Bulb,Bulb
2471,Coordinator,Coordinator
2472,Smart Socket,Socket
2473,Ledvance Z3 Plug,Socket
2474,Philips Lamp 3,Motion
2475,Unknown,Unknown
2476,Coordinator,Coordinator
2477,Coordinator,Coordinator
2478,Unknown,Unknown
2479,Ledvance Bulb,Bulb
2480,Unknown,Unknown
2481,Ledvance Bulb,Bulb
2482,Unknown,Unknown
2483,Ledvance Bulb,Bulb
2484,Unknown,Unknown
2485,Coordinator,Coordinator
2486,Unknown,Unknown
2487,Coordinator,Coordinator
2488,Coordinator,Coordinator
2489,Unknown,Unknown
2490,Ledvance Bulb,Bulb
2491,Unknown,Unknown
2492,Ledvance Bulb,Bulb
2493,Unknown,Unknown
2494,Ledvance Bulb,Bulb
2495,Unknown,Unknown
2496,Coordinator,Coordinator
2497,Unknown,Unknown
2498,Coordinator,Coordinator
2499,Unknown,Unknown
2500,Ledvance Bulb,Bulb
2501,Unknown,Unknown
2502,Ledvance Bulb,Bulb
2503,Unknown,Unknown
2504,Coordinator,Coordinator
2505,Unknown,Unknown
2506,Philips Lamp 2,Bulb
2507,Power Plug 2,Socket
2508,Ledvance Smart+ Plug,Socket
2509,Philips Lamp 1,Bulb
2510,Coordinator,Coordinator
2511,Unknown,Unknown
2512,Smart Socket,Socket
2513,Unknown,Unknown
2514,Coordinator,Coordinator
2515,Unknown,Unknown
2516,Philips Lamp 1,Bulb
2517,Unknown,Unknown
2518,Power Plug 1,Socket
2519,Unknown,Unknown
2520,Coordinator,Coordinator
2521,Unknown,Unknown
2522,Coordinator,Coordinator
2523,Unknown,Unknown
2524,Smart Socket,Socket
2525,Unknown,Unknown
2526,Coordinator,Coordinator
2527,Unknown,Unknown
2528,Philips Lamp 1,Bulb
2529,Unknown,Unknown
2530,Coordinator,Coordinator
2531,Unknown,Unknown
2532,Philips Lamp 1,Bulb
2533,Unknown,Unknown
2534,Coordinator,Coordinator
2535,Unknown,Unknown
2536,Power Plug 1,Socket
2537,Unknown,Unknown
2538,Unknown,Unknown
2539,Coordinator,Coordinator
2540,Unknown,Unknown
2541,Power Plug 2,Socket
2542,Unknown,Unknown
2543,Coordinator,Coordinator
2544,Unknown,Unknown
2545,Coordinator,Coordinator
2546,Unknown,Unknown
2547,Philips Lamp 1,Bulb
2548,Unknown,Unknown
2549,Coordinator,Coordinator
2550,Unknown,Unknown
2551,Coordinator,Coordinator
2552,Philips Lamp 2,Bulb
2553,Unknown,Unknown
2554,Philips Lamp 2,Bulb
2555,Coordinator,Coordinator
2556,Unknown,Unknown
2557,Ledvance Bulb,Bulb
2558,Unknown,Unknown
2559,Ledvance Bulb,Bulb
2560,Unknown,Unknown
2561,Coordinator,Coordinator
2562,Unknown,Unknown
2563,Coordinator,Coordinator
2564,Unknown,Unknown
2565,Ledvance Bulb,Bulb
2566,Unknown,Unknown
2567,Ledvance Bulb,Bulb
2568,Unknown,Unknown
2569,Coordinator,Coordinator
2570,Unknown,Unknown
2571,Ledvance Bulb,Bulb
2572,Unknown,Unknown
2573,Ledvance Bulb,Bulb
2574,Unknown,Unknown
2575,Coordinator,Coordinator
2576,Unknown,Unknown
2577,Coordinator,Coordinator
2578,Unknown,Unknown
2579,Ledvance Bulb,Bulb
2580,Unknown,Unknown
2581,Ledvance Bulb,Bulb
2582,Unknown,Unknown
2583,Philips Lamp 3,Motion
2584,Unknown,Unknown
2585,Coordinator,Coordinator
2586,Unknown,Unknown
2587,Ledvance Bulb,Bulb
2588,Unknown,Unknown
2589,Ledvance Bulb,Bulb
2590,Unknown,Unknown
2591,Coordinator,Coordinator
2592,Unknown,Unknown
2593,Coordinator,Coordinator
2594,Unknown,Unknown
2595,Ledvance Bulb,Bulb
2596,Unknown,Unknown
2597,Ledvance Bulb,Bulb
2598,Unknown,Unknown
2599,Coordinator,Coordinator
2600,Unknown,Unknown
2601,Coordinator,Coordinator
2602,Unknown,Unknown
2603,Ledvance Bulb,Bulb
2604,Unknown,Unknown
2605,Ledvance Bulb,Bulb
2606,Unknown,Unknown
2607,Coordinator,Coordinator
2608,Unknown,Unknown
2609,Coordinator,Coordinator
2610,Unknown,Unknown
2611,Ledvance Bulb,Bulb
2612,Unknown,Unknown
2613,Ledvance Bulb,Bulb
2614,Unknown,Unknown
2615,Coordinator,Coordinator
2616,Unknown,Unknown
2617,Philips Motion,Bulb
2618,Philips Lamp 3,Motion
2619,Unknown,Unknown
2620,Ledvance Bulb,Bulb
2621,Power Plug 1,Socket
2622,Smart Socket,Socket
2623,Coordinator,Coordinator
2624,Unknown,Unknown
2625,Ledvance Bulb,Bulb
2626,Unknown,Unknown
2627,Ledvance Bulb,Bulb
2628,Unknown,Unknown
2629,Coordinator,Coordinator
2630,Unknown,Unknown
2631,Moes Bulb,Bulb
2632,Coordinator,Coordinator
2633,Unknown,Unknown
2634,Ledvance Bulb,Bulb
2635,Unknown,Unknown
2636,Moes Bulb,Bulb
2637,Unknown,Unknown
2638,Moes Bulb,Bulb
2639,Unknown,Unknown
2640,Coordinator,Coordinator
2641,Unknown,Unknown
2642,Smart Socket,Socket
2643,Unknown,Unknown
2644,Ledvance Bulb,Bulb
2645,Unknown,Unknown
2646,Coordinator,Coordinator
2647,Unknown,Unknown
2648,Smart Socket,Socket
2649,Unknown,Unknown
2650,Coordinator,Coordinator
2651,Unknown,Unknown
2652,Coordinator,Coordinator
2653,Unknown,Unknown
2654,Ledvance Bulb,Bulb
2655,Unknown,Unknown
2656,Coordinator,Coordinator
2657,Ledvance Bulb,Bulb
2658,Unknown,Unknown
2659,Ledvance Z3 Plug,Socket
2660,Coordinator,Coordinator
2661,Unknown,Unknown
2662,Philips Lamp 2,Bulb
2663,Philips Lamp 3,Motion
2664,Unknown,Unknown
2665,Ledvance Smart+ Plug,Socket
2666,Coordinator,Coordinator
2667,Unknown,Unknown
2668,Ledvance Bulb,Bulb
2669,Unknown,Unknown
2670,Ledvance Bulb,Bulb
2671,Unknown,Unknown
2672,Coordinator,Coordinator
2673,Unknown,Unknown
2674,Coordinator,Coordinator
2675,Unknown,Unknown
2676,Ledvance Bulb,Bulb
2677,Unknown,Unknown
2678,Ledvance Bulb,Bulb
2679,Unknown,Unknown
2680,Coordinator,Coordinator
2681,Coordinator,Coordinator
2682,Unknown,Unknown
2683,Ledvance Bulb,Bulb
2684,Unknown,Unknown
2685,Ledvance Bulb,Bulb
2686,Unknown,Unknown
2687,Coordinator,Coordinator
2688,Unknown,Unknown
2689,Ledvance Bulb,Bulb
2690,Unknown,Unknown
2691,Coordinator,Coordinator
2692,Unknown,Unknown
2693,Ledvance Bulb,Bulb
2694,Unknown,Unknown
2695,Ledvance Bulb,Bulb
2696,Unknown,Unknown
2697,Coordinator,Coordinator
2698,Unknown,Unknown
2699,Ledvance Bulb,Bulb
2700,Unknown,Unknown
2701,Coordinator,Coordinator
2702,Unknown,Unknown
2703,Ledvance Bulb,Bulb
2704,Unknown,Unknown
2705,Ledvance Bulb,Bulb
2706,Unknown,Unknown
2707,Philips Lamp 1,Bulb
2708,Coordinator,Coordinator
2709,Unknown,Unknown
2710,Smart Socket,Socket
2711,Unknown,Unknown
2712,Philips Motion,Bulb
2713,Unknown,Unknown
2714,Smart Socket,Socket
2715,Unknown,Unknown
2716,Philips Motion,Bulb
2717,Unknown,Unknown
2718,Smart Socket,Socket
2719,Unknown,Unknown
2720,Coordinator,Coordinator
2721,Unknown,Unknown
2722,Smart Socket,Socket
2723,Unknown,Unknown
2724,Unknown,Unknown
2725,Smart Socket,Socket
2726,Smart Socket,Socket
2727,Unknown,Unknown
2728,Philips Motion,Bulb
2729,Unknown,Unknown
2730,Smart Socket,Socket
2731,Unknown,Unknown
2732,Smart Socket,Socket
2733,Unknown,Unknown
2734,Smart Socket,Socket
2735,Smart Socket,Socket
2736,Unknown,Unknown
2737,Philips Lamp 3,Motion
2738,Unknown,Unknown
2739,Coordinator,Coordinator
2740,Unknown,Unknown
2741,Ledvance Bulb,Bulb
2742,Unknown,Unknown
2743,Ledvance Bulb,Bulb
2744,Unknown,Unknown
2745,Coordinator,Coordinator
2746,Unknown,Unknown
2747,Coordinator,Coordinator
2748,Unknown,Unknown
2749,Ledvance Bulb,Bulb
2750,Unknown,Unknown
2751,Ledvance Bulb,Bulb
2752,Unknown,Unknown
2753,Coordinator,Coordinator
2754,Unknown,Unknown
2755,Philips Motion,Bulb
2756,Coordinator,Coordinator
2757,Unknown,Unknown
2758,Ledvance Bulb,Bulb
2759,Unknown,Unknown
2760,Ledvance Bulb,Bulb
2761,Unknown,Unknown
2762,Coordinator,Coordinator
2763,Unknown,Unknown
2764,Coordinator,Coordinator
2765,Unknown,Unknown
2766,Ledvance Bulb,Bulb
2767,Unknown,Unknown
2768,Ledvance Bulb,Bulb
2769,Unknown,Unknown
2770,Coordinator,Coordinator
2771,Unknown,Unknown
2772,Coordinator,Coordinator
2773,Unknown,Unknown
2774,Philips Lamp 2,Bulb
2775,Unknown,Unknown
2776,Unknown,Unknown
2777,Unknown,Unknown
2778,Coordinator,Coordinator
2779,Unknown,Unknown
2780,Philips Lamp 2,Bulb
2781,Unknown,Unknown
2782,Philips Lamp 3,Motion
2783,Unknown,Unknown
2784,Philips Lamp 2,Bulb
2785,Unknown,Unknown
2786,Philips Lamp 3,Motion
2787,Unknown,Unknown
2788,Philips Lamp 3,Motion
2789,Unknown,Unknown
2790,Power Plug 1,Socket
2791,Coordinator,Coordinator
2792,Unknown,Unknown
2793,Ledvance Bulb,Bulb
2794,Unknown,Unknown
2795,Ledvance Bulb,Bulb
2796,Unknown,Unknown
2797,Coordinator,Coordinator
2798,Unknown,Unknown
2799,Coordinator,Coordinator
2800,Unknown,Unknown
2801,Ledvance Bulb,Bulb
2802,Unknown,Unknown
2803,Ledvance Bulb,Bulb
2804,Unknown,Unknown
2805,Coordinator,Coordinator
2806,Unknown,Unknown
2807,Smart Socket,Socket
2808,Philips Lamp 3,Motion
2809,Unknown,Unknown
2810,Coordinator,Coordinator
2811,Unknown,Unknown
2812,Philips Lamp 3,Motion
2813,Unknown,Unknown
2814,Philips Lamp 3,Motion
2815,Unknown,Unknown
2816,Philips Lamp 3,Motion
2817,Unknown,Unknown
2818,Ledvance Bulb,Bulb
2819,Moes Bulb,Bulb
2820,Ledvance Z3 Plug,Socket
2821,Power Plug 2,Socket
2822,Ledvance Smart+ Plug,Socket
2823,Coordinator,Coordinator
2824,Coordinator,Coordinator
2825,Unknown,Unknown
2826,Ledvance Bulb,Bulb
2827,Unknown,Unknown
2828,Ledvance Bulb,Bulb
2829,Unknown,Unknown
2830,Coordinator,Coordinator
2831,Unknown,Unknown
2832,Coordinator,Coordinator
2833,Unknown,Unknown
2834,Ledvance Bulb,Bulb
2835,Unknown,Unknown
2836,Ledvance Bulb,Bulb
2837,Unknown,Unknown
2838,Coordinator,Coordinator
2839,Unknown,Unknown
2840,Coordinator,Coordinator
2841,Unknown,Unknown
2842,Smart Socket,Socket
2843,Unknown,Unknown
2844,Coordinator,Coordinator
2845,Unknown,Unknown
2846,Philips Lamp 1,Bulb
2847,Unknown,Unknown
2848,Coordinator,Coordinator
2849,Unknown,Unknown
2850,Power Plug 1,Socket
2851,Unknown,Unknown
2852,Coordinator,Coordinator
2853,Unknown,Unknown
2854,Smart Socket,Socket
2855,Unknown,Unknown
2856,Coordinator,Coordinator
2857,Unknown,Unknown
2858,Philips Lamp 1,Bulb
2859,Unknown,Unknown
2860,Philips Lamp 2,Bulb
2861,Coordinator,Coordinator
2862,Unknown,Unknown
2863,Coordinator,Coordinator
2864,Unknown,Unknown
2865,Coordinator,Coordinator
2866,Unknown,Unknown
2867,Philips Lamp 1,Bulb
2868,Unknown,Unknown
2869,Coordinator,Coordinator
2870,Coordinator,Coordinator
2871,Unknown,Unknown
2872,Power Plug 1,Socket
2873,Unknown,Unknown
2874,Philips Lamp 2,Bulb
2875,Unknown,Unknown
2876,Unknown,Unknown
2877,Coordinator,Coordinator
2878,Unknown,Unknown
2879,Coordinator,Coordinator
2880,Unknown,Unknown
2881,Coordinator,Coordinator
2882,Unknown,Unknown
2883,Philips Lamp 1,Bulb
2884,Unknown,Unknown
2885,Coordinator,Coordinator
2886,Unknown,Unknown
2887,Unknown,Unknown
2888,Philips Lamp 2,Bulb
2889,Philips Lamp 2,Bulb
2890,Philips Lamp 2,Bulb
2891,Philips Lamp 2,Bulb
2892,Power Plug 2,Socket
2893,Unknown,Unknown
2894,Coordinator,Coordinator
2895,Unknown,Unknown
2896,Philips Lamp 2,Bulb
2897,Unknown,Unknown
2898,Coordinator,Coordinator
2899,Unknown,Unknown
2900,Philips Lamp 2,Bulb
2901,Ledvance Bulb,Bulb
2902,Unknown,Unknown
2903,Ledvance Bulb,Bulb
2904,Unknown,Unknown
2905,Coordinator,Coordinator
2906,Unknown,Unknown
2907,Coordinator,Coordinator
2908,Unknown,Unknown
2909,Ledvance Bulb,Bulb
2910,Unknown,Unknown
2911,Ledvance Bulb,Bulb
2912,Unknown,Unknown
2913,Philips Lamp 3,Motion
2914,Unknown,Unknown
2915,Coordinator,Coordinator
2916,Unknown,Unknown
2917,Ledvance Bulb,Bulb
2918,Unknown,Unknown
2919,Ledvance Bulb,Bulb
2920,Unknown,Unknown
2921,Ledvance Bulb,Bulb
2922,Unknown,Unknown
2923,Ledvance Bulb,Bulb
2924,Unknown,Unknown
2925,Coordinator,Coordinator
2926,Unknown,Unknown
2927,Coordinator,Coordinator
2928,Unknown,Unknown
2929,Coordinator,Coordinator
2930,Unknown,Unknown
2931,Ledvance Bulb,Bulb
2932,Unknown,Unknown
2933,Ledvance Bulb,Bulb
2934,Unknown,Unknown
2935,Philips Lamp 1,Bulb
2936,Coordinator,Coordinator
2937,Unknown,Unknown
2938,Ledvance Bulb,Bulb
2939,Unknown,Unknown
2940,Ledvance Bulb,Bulb
2941,Unknown,Unknown
2942,Coordinator,Coordinator
2943,Unknown,Unknown
2944,Coordinator,Coordinator
2945,Unknown,Unknown
2946,Ledvance Bulb,Bulb
2947,Unknown,Unknown
2948,Ledvance Bulb,Bulb
2949,Unknown,Unknown
2950,Coordinator,Coordinator
2951,Unknown,Unknown
2952,Philips Motion,Bulb
2953,Philips Lamp 3,Motion
2954,Unknown,Unknown
2955,Coordinator,Coordinator
2956,Unknown,Unknown
2957,Ledvance Bulb,Bulb
2958,Unknown,Unknown
2959,Ledvance Bulb,Bulb
2960,Unknown,Unknown
2961,Ledvance Bulb,Bulb
2962,Unknown,Unknown
2963,Ledvance Bulb,Bulb
2964,Unknown,Unknown
2965,Ledvance Bulb,Bulb
2966,Ledvance Bulb,Bulb
2967,Unknown,Unknown
2968,Coordinator,Coordinator
2969,Unknown,Unknown
2970,Ledvance Bulb,Bulb
2971,Unknown,Unknown
2972,Coordinator,Coordinator
2973,Unknown,Unknown
2974,Coordinator,Coordinator
2975,Coordinator,Coordinator
2976,Unknown,Unknown
2977,Coordinator,Coordinator
2978,Unknown,Unknown
2979,Coordinator,Coordinator
2980,Unknown,Unknown
2981,Ledvance Bulb,Bulb
2982,Unknown,Unknown
2983,Ledvance Bulb,Bulb
2984,Ledvance Bulb,Bulb
2985,Unknown,Unknown
2986,Ledvance Bulb,Bulb
2987,Unknown,Unknown
2988,Ledvance Bulb,Bulb
2989,Unknown,Unknown
2990,Philips Lamp 3,Motion
2991,Unknown,Unknown
2992,Philips Lamp 3,Motion
2993,Unknown,Unknown
2994,Ledvance Bulb,Bulb
2995,Unknown,Unknown
2996,Ledvance Bulb,Bulb
2997,Unknown,Unknown
2998,Coordinator,Coordinator
2999,Unknown,Unknown
3000,Coordinator,Coordinator
3001,Ledvance Bulb,Bulb
3002,Unknown,Unknown
3003,Ledvance Bulb,Bulb
3004,Unknown,Unknown
3005,Coordinator,Coordinator
3006,Unknown,Unknown
3007,Ledvance Z3 Plug,Socket
3008,Unknown,Unknown
3009,Ledvance Z3 Plug,Socket
3010,Unknown,Unknown
3011,Coordinator,Coordinator
3012,Unknown,Unknown
3013,Ledvance Smart+ Plug,Socket
3014,Unknown,Unknown
3015,Coordinator,Coordinator
3016,Unknown,Unknown
3017,Coordinator,Coordinator
3018,Unknown,Unknown
3019,Coordinator,Coordinator
3020,Unknown,Unknown
3021,Ledvance Z3 Plug,Socket
3022,Unknown,Unknown
3023,Ledvance Smart+ Plug,Socket
3024,Unknown,Unknown
3025,Philips Lamp 3,Motion
3026,Unknown,Unknown
3027,Coordinator,Coordinator
3028,Coordinator,Coordinator
3029,Unknown,Unknown
3030,Philips Lamp 3,Motion
3031,Unknown,Unknown
3032,Philips Lamp 3,Motion
3033,Unknown,Unknown
3034,Philips Lamp 3,Motion
3035,Unknown,Unknown
3036,Power Plug 1,Socket
3037,Philips Lamp 3,Motion
3038,Unknown,Unknown
3039,Smart Socket,Socket
3040,Philips Lamp 3,Motion
3041,Unknown,Unknown
3042,Philips Lamp 3,Motion
3043,Unknown,Unknown
3044,Ledvance Z3 Plug,Socket
3045,Philips Lamp 3,Motion
3046,Unknown,Unknown
3047,Philips Lamp 3,Motion
3048,Unknown,Unknown
3049,Coordinator,Coordinator
3050,Unknown,Unknown
3051,Ledvance Z3 Plug,Socket
3052,Unknown,Unknown
3053,Coordinator,Coordinator
3054,Unknown,Unknown
3055,Ledvance Bulb,Bulb
3056,Moes Bulb,Bulb
3057,Ledvance Bulb,Bulb
3058,Moes Bulb,Bulb
3059,Moes Bulb,Bulb
3060,Power Plug 2,Socket
3061,Coordinator,Coordinator
3062,Ledvance Z3 Plug,Socket
3063,Coordinator,Coordinator
3064,Unknown,Unknown
3065,Moes Bulb,Bulb
3066,Unknown,Unknown
3067,Philips Lamp 1,Bulb
3068,Ledvance Bulb,Bulb
3069,Coordinator,Coordinator
3070,Unknown,Unknown
3071,Power Plug 1,Socket
3072,Coordinator,Coordinator
3073,Smart Socket,Socket
3074,Coordinator,Coordinator
3075,Coordinator,Coordinator
3076,Coordinator,Coordinator
3077,Unknown,Unknown
3078,Philips Lamp 3,Motion
3079,Unknown,Unknown
3080,Coordinator,Coordinator
3081,Moes Bulb,Bulb
3082,Unknown,Unknown
3083,Moes Bulb,Bulb
3084,Unknown,Unknown
3085,Power Plug 2,Socket
3086,Ledvance Z3 Plug,Socket
3087,Coordinator,Coordinator
3088,Unknown,Unknown
3089,Moes Bulb,Bulb
3090,Unknown,Unknown
3091,Ledvance Bulb,Bulb
3092,Ledvance Smart+ Plug,Socket
3093,Coordinator,Coordinator
3094,Unknown,Unknown
3095,Power Plug 1,Socket
3096,Ledvance Bulb,Bulb
3097,Unknown,Unknown
3098,Ledvance Smart+ Plug,Socket
3099,Philips Lamp 1,Bulb
3100,Smart Socket,Socket
3101,Philips Lamp 2,Bulb
3102,Ledvance Smart+ Plug,Socket
3103,Moes Bulb,Bulb
3104,Unknown,Unknown
3105,Moes Bulb,Bulb
3106,Ledvance Smart+ Plug,Socket
3107,Power Plug 1,Socket
3108,Smart Socket,Socket
3109,Power Plug 1,Socket
3110,Coordinator,Coordinator
3111,Coordinator,Coordinator
3112,Unknown,Unknown
3113,Ledvance Bulb,Bulb
3114,Unknown,Unknown
3115,Power Plug 2,Socket
3116,Ledvance Z3 Plug,Socket
3117,Smart Socket,Socket
3118,Ledvance Bulb,Bulb
3119,Unknown,Unknown
3120,Ledvance Smart+ Plug,Socket
3121,Moes Bulb,Bulb
3122,Ledvance Bulb,Bulb
3123,Philips Lamp 2,Bulb
3124,Coordinator,Coordinator
3125,Smart Socket,Socket
3126,Ledvance Smart+ Plug,Socket
3127,Ledvance Z3 Plug,Socket
3128,Unknown,Unknown
3129,Coordinator,Coordinator
3130,Unknown,Unknown
3131,Philips Lamp 3,Motion
3132,Unknown,Unknown
3133,Coordinator,Coordinator
3134,Unknown,Unknown
3135,Ledvance Z3 Plug,Socket
3136,Unknown,Unknown
3137,Power Plug 1,Socket
3138,Ledvance Z3 Plug,Socket
3139,Smart Socket,Socket
3140,Moes Bulb,Bulb
3141,Philips Lamp 1,Bulb
3142,Coordinator,Coordinator
3143,Unknown,Unknown
3144,Ledvance Bulb,Bulb
3145,Unknown,Unknown
3146,Ledvance Bulb,Bulb
3147,Ledvance Z3 Plug,Socket
3148,Philips Lamp 2,Bulb
3149,Moes Bulb,Bulb
3150,Unknown,Unknown
3151,Ledvance Bulb,Bulb
3152,Unknown,Unknown
3153,Coordinator,Coordinator
3154,Unknown,Unknown
3155,Ledvance Bulb,Bulb
3156,Unknown,Unknown
3157,Coordinator,Coordinator
3158,Moes Bulb,Bulb
3159,Ledvance Bulb,Bulb
3160,Philips Lamp 2,Bulb
3161,Philips Lamp 3,Motion
3162,Unknown,Unknown
3163,Coordinator,Coordinator
3164,Unknown,Unknown
3165,Ledvance Bulb,Bulb
3166,Unknown,Unknown
3167,Philips Lamp 3,Motion
3168,Unknown,Unknown
3169,Coordinator,Coordinator
3170,Ledvance Z3 Plug,Socket
3171,Philips Lamp 3,Motion
3172,Unknown,Unknown
3173,Philips Lamp 3,Motion
3174,Unknown,Unknown
3175,Coordinator,Coordinator
3176,Unknown,Unknown
3177,Ledvance Smart+ Plug,Socket
3178,Unknown,Unknown
3179,Ledvance Smart+ Plug,Socket
3180,Unknown,Unknown
3181,Ledvance Bulb,Bulb
3182,Unknown,Unknown
3183,Ledvance Bulb,Bulb
3184,Unknown,Unknown
3185,Coordinator,Coordinator
3186,Unknown,Unknown
3187,Coordinator,Coordinator
3188,Unknown,Unknown
3189,Ledvance Bulb,Bulb
3190,Unknown,Unknown
3191,Ledvance Bulb,Bulb
3192,Unknown,Unknown
3193,Philips Lamp 3,Motion
3194,Unknown,Unknown
3195,Philips Motion,Bulb
3196,Philips Motion,Bulb
3197,Coordinator,Coordinator
3198,Coordinator,Coordinator
3199,Coordinator,Coordinator
3200,Unknown,Unknown
3201,Philips Lamp 2,Bulb
3202,Philips Lamp 1,Bulb
3203,Ledvance Bulb,Bulb
3204,Power Plug 1,Socket
3205,Ledvance Z3 Plug,Socket
3206,Philips Motion,Bulb
3207,Unknown,Unknown
3208,Coordinator,Coordinator
3209,Unknown,Unknown
3210,Smart Socket,Socket
3211,Unknown,Unknown
3212,Coordinator,Coordinator
3213,Unknown,Unknown
3214,Philips Motion,Bulb
3215,Unknown,Unknown
3216,Philips Motion,Bulb
3217,Unknown,Unknown
3218,Smart Socket,Socket
3219,Unknown,Unknown
3220,Coordinator,Coordinator
3221,Unknown,Unknown
3222,Smart Socket,Socket
3223,Unknown,Unknown
3224,Philips Motion,Bulb
3225,Unknown,Unknown
3226,Power Plug 2,Socket
3227,Ledvance Smart+ Plug,Socket
3228,Coordinator,Coordinator
3229,Smart Socket,Socket
3230,Coordinator,Coordinator
3231,Unknown,Unknown
3232,Philips Lamp 3,Motion
3233,Unknown,Unknown
3234,Philips Motion,Bulb
3235,Unknown,Unknown
3236,Philips Motion,Bulb
3237,Unknown,Unknown
3238,Philips Lamp 1,Bulb
3239,Philips Lamp 2,Bulb
3240,Philips Motion,Bulb
3241,Unknown,Unknown
3242,Philips Motion,Bulb
3243,Coordinator,Coordinator
3244,Unknown,Unknown
3245,Coordinator,Coordinator
3246,Unknown,Unknown
3247,Philips Motion,Bulb
3248,Unknown,Unknown
3249,Ledvance Bulb,Bulb
3250,Coordinator,Coordinator
3251,Unknown,Unknown
3252,Philips Motion,Bulb
3253,Unknown,Unknown
3254,Ledvance Z3 Plug,Socket
3255,Power Plug 2,Socket
3256,Moes Bulb,Bulb
3257,Smart Socket,Socket
3258,Power Plug 1,Socket
3259,Ledvance Bulb,Bulb
3260,Philips Lamp 2,Bulb
3261,Philips Motion,Bulb
3262,Power Plug 2,Socket
3263,Philips Lamp 3,Motion
3264,Unknown,Unknown
3265,Coordinator,Coordinator
3266,Unknown,Unknown
3267,Ledvance Z3 Plug,Socket
3268,Philips Motion,Bulb
3269,Philips Lamp 3,Motion
3270,Unknown,Unknown
3271,Ledvance Bulb,Bulb
3272,Philips Lamp 1,Bulb
3273,Philips Lamp 3,Motion
3274,Unknown,Unknown
3275,Unknown,Unknown
3276,Philips Lamp 1,Bulb
3277,Ledvance Smart+ Plug,Socket
3278,Philips Lamp 2,Bulb
3279,Power Plug 1,Socket
3280,Coordinator,Coordinator
3281,Ledvance Bulb,Bulb
3282,Moes Bulb,Bulb
3283,Smart Socket,Socket
3284,Ledvance Z3 Plug,Socket
3285,Coordinator,Coordinator
3286,Unknown,Unknown
3287,Ledvance Bulb,Bulb
3288,Unknown,Unknown
3289,Moes Bulb,Bulb
3290,Unknown,Unknown
3291,Moes Bulb,Bulb
3292,Unknown,Unknown
3293,Coordinator,Coordinator
3294,Unknown,Unknown
3295,Ledvance Bulb,Bulb
3296,Unknown,Unknown
3297,Philips Lamp 3,Motion
3298,Unknown,Unknown
3299,Philips Lamp 3,Motion
3300,Unknown,Unknown
3301,Philips Lamp 2,Bulb
3302,Philips Lamp 3,Motion
3303,Unknown,Unknown
3304,Philips Lamp 3,Motion
3305,Unknown,Unknown
3306,Philips Motion,Bulb
3307,Ledvance Z3 Plug,Socket
3308,Coordinator,Coordinator
3309,Philips Motion,Bulb
3310,Ledvance Smart+ Plug,Socket
3311,Ledvance Z3 Plug,Socket
3312,Philips Lamp 1,Bulb
3313,Coordinator,Coordinator
3314,Philips Lamp 2,Bulb
3315,Ledvance Bulb,Bulb
3316,Coordinator,Coordinator
3317,Unknown,Unknown
3318,Moes Bulb,Bulb
3319,Philips Motion,Bulb
3320,Unknown,Unknown
3321,Power Plug 1,Socket
3322,Coordinator,Coordinator
3323,Unknown,Unknown
3324,Philips Motion,Bulb
3325,Unknown,Unknown
3326,Philips Motion,Bulb
3327,Unknown,Unknown
3328,Philips Motion,Bulb
3329,Unknown,Unknown
3330,Unknown,Unknown
3331,Power Plug 1,Socket
3332,Philips Motion,Bulb
3333,Ledvance Bulb,Bulb
3334,Ledvance Smart+ Plug,Socket
3335,Coordinator,Coordinator
3336,Power Plug 2,Socket
3337,Smart Socket,Socket
3338,Philips Lamp 2,Bulb
3339,Philips Motion,Bulb
3340,Coordinator,Coordinator
3341,Coordinator,Coordinator
3342,Unknown,Unknown
3343,Philips Motion,Bulb
3344,Unknown,Unknown
3345,Philips Motion,Bulb
3346,Unknown,Unknown
3347,Philips Motion,Bulb
3348,Philips Lamp 3,Motion
3349,Unknown,Unknown
3350,Power Plug 1,Socket
3351,Smart Socket,Socket
3352,Philips Motion,Bulb
3353,Unknown,Unknown
3354,Philips Motion,Bulb
3355,Unknown,Unknown
3356,Philips Motion,Bulb
3357,Moes Bulb,Bulb
